operator,procstat,geo,TIME_PERIOD,OBS_VALUE
EXP,REG_END,AL,2021,26.0
EXP,REG_END,AL,2022,26.0
EXP,REG_END,AT,2014,9.0
EXP,REG_END,AT,2015,10.0
EXP,REG_END,AT,2016,10.0
EXP,REG_END,AT,2017,14.0
EXP,REG_END,AT,2018,4.0
EXP,REG_END,AT,2019,4.0
EXP,REG_END,AT,2020,0.0
EXP,REG_END,AT,2021,5.0
EXP,REG_END,AT,2022,5.0
EXP,REG_END,BE,2013,0.0
EXP,REG_END,BE,2014,0.0
EXP,REG_END,BE,2015,37.0
EXP,REG_END,BE,2016,84.0
EXP,REG_END,BE,2017,108.0
EXP,REG_END,BE,2018,107.0
EXP,REG_END,BE,2019,153.0
EXP,REG_END,BE,2022,0.0
EXP,REG_END,BG,2012,14.0
EXP,REG_END,BG,2013,10.0
EXP,REG_END,BG,2014,12.0
EXP,REG_END,BG,2015,9.0
EXP,REG_END,BG,2016,9.0
EXP,REG_END,BG,2018,4.0
EXP,REG_END,BG,2019,2.0
EXP,REG_END,BG,2021,5.0
EXP,REG_END,BG,2022,5.0
EXP,REG_END,CH,2022,0.0
EXP,REG_END,CY,2012,0.0
EXP,REG_END,CY,2013,0.0
EXP,REG_END,CY,2014,4.0
EXP,REG_END,CY,2015,3.0
EXP,REG_END,CY,2016,4.0
EXP,REG_END,CY,2017,2.0
EXP,REG_END,CY,2018,1.0
EXP,REG_END,CY,2019,0.0
EXP,REG_END,CY,2020,0.0
EXP,REG_END,CY,2021,0.0
EXP,REG_END,CY,2022,4.0
EXP,REG_END,CZ,2012,36.0
EXP,REG_END,CZ,2013,42.0
EXP,REG_END,CZ,2014,54.0
EXP,REG_END,CZ,2015,70.0
EXP,REG_END,CZ,2016,96.0
EXP,REG_END,CZ,2017,141.0
EXP,REG_END,CZ,2018,165.0
EXP,REG_END,CZ,2019,163.0
EXP,REG_END,CZ,2020,159.0
EXP,REG_END,CZ,2021,163.0
EXP,REG_END,CZ,2022,163.0
EXP,REG_END,DE,2014,439.0
EXP,REG_END,DE,2015,775.0
EXP,REG_END,DE,2016,787.0
EXP,REG_END,DE,2017,1242.0
EXP,REG_END,DE,2018,1208.0
EXP,REG_END,DE,2019,1288.0
EXP,REG_END,DE,2020,1349.0
EXP,REG_END,DE,2021,1456.0
EXP,REG_END,DE,2022,1456.0
EXP,REG_END,DK,2014,75.0
EXP,REG_END,DK,2015,68.0
EXP,REG_END,DK,2016,89.0
EXP,REG_END,DK,2017,90.0
EXP,REG_END,DK,2018,99.0
EXP,REG_END,DK,2019,104.0
EXP,REG_END,DK,2020,169.0
EXP,REG_END,DK,2022,90.0
EXP,REG_END,EE,2012,0.0
EXP,REG_END,EE,2013,0.0
EXP,REG_END,EE,2014,0.0
EXP,REG_END,EE,2015,0.0
EXP,REG_END,EE,2016,0.0
EXP,REG_END,EE,2017,10.0
EXP,REG_END,EE,2018,16.0
EXP,REG_END,EE,2019,16.0
EXP,REG_END,EE,2020,18.0
EXP,REG_END,EE,2021,24.0
EXP,REG_END,EE,2022,24.0
EXP,REG_END,EL,2012,7.0
EXP,REG_END,EL,2013,16.0
EXP,REG_END,EL,2014,27.0
EXP,REG_END,EL,2015,42.0
EXP,REG_END,EL,2016,69.0
EXP,REG_END,EL,2017,34.0
EXP,REG_END,EL,2018,47.0
EXP,REG_END,EL,2019,52.0
EXP,REG_END,EL,2020,40.0
EXP,REG_END,EL,2022,36.58
EXP,REG_END,ES,2012,127.0
EXP,REG_END,ES,2013,49.0
EXP,REG_END,ES,2014,67.0
EXP,REG_END,ES,2015,72.0
EXP,REG_END,ES,2016,92.0
EXP,REG_END,ES,2017,137.0
EXP,REG_END,ES,2018,109.0
EXP,REG_END,ES,2019,137.0
EXP,REG_END,ES,2020,163.0
EXP,REG_END,ES,2021,230.0
EXP,REG_END,ES,2022,230.0
EXP,REG_END,FI,2012,68.0
EXP,REG_END,FI,2015,13.0
EXP,REG_END,FI,2016,11.0
EXP,REG_END,FI,2017,15.0
EXP,REG_END,FI,2019,22.0
EXP,REG_END,FI,2020,33.0
EXP,REG_END,FI,2021,37.0
EXP,REG_END,FI,2022,37.0
EXP,REG_END,FR,2022,6614.13
EXP,REG_END,HR,2012,0.0
EXP,REG_END,HR,2013,0.0
EXP,REG_END,HR,2014,0.0
EXP,REG_END,HR,2015,1.0
EXP,REG_END,HR,2016,1.0
EXP,REG_END,HR,2017,1.0
EXP,REG_END,HR,2018,3.0
EXP,REG_END,HR,2019,3.0
EXP,REG_END,HR,2022,0.54
EXP,REG_END,HU,2013,0.0
EXP,REG_END,HU,2014,0.0
EXP,REG_END,HU,2015,0.0
EXP,REG_END,HU,2016,0.0
EXP,REG_END,HU,2017,0.0
EXP,REG_END,HU,2018,0.0
EXP,REG_END,HU,2019,0.0
EXP,REG_END,HU,2020,0.0
EXP,REG_END,HU,2021,0.0
EXP,REG_END,HU,2022,0.0
EXP,REG_END,IE,2013,2.0
EXP,REG_END,IE,2014,3.0
EXP,REG_END,IE,2015,4.0
EXP,REG_END,IE,2016,2.0
EXP,REG_END,IE,2017,2.0
EXP,REG_END,IE,2020,27.0
EXP,REG_END,IE,2021,58.0
EXP,REG_END,IE,2022,2.0
EXP,REG_END,IS,2012,0.0
EXP,REG_END,IS,2014,2.0
EXP,REG_END,IS,2015,2.0
EXP,REG_END,IS,2016,2.0
EXP,REG_END,IS,2017,2.0
EXP,REG_END,IS,2018,0.0
EXP,REG_END,IS,2019,0.0
EXP,REG_END,IS,2020,0.0
EXP,REG_END,IS,2022,2.0
EXP,REG_END,IT,2015,621.0
EXP,REG_END,IT,2016,518.0
EXP,REG_END,IT,2017,470.0
EXP,REG_END,IT,2018,582.0
EXP,REG_END,IT,2019,741.0
EXP,REG_END,IT,2020,885.0
EXP,REG_END,IT,2022,582.0
EXP,REG_END,LT,2012,0.0
EXP,REG_END,LT,2013,0.0
EXP,REG_END,LT,2014,0.0
EXP,REG_END,LT,2015,0.0
EXP,REG_END,LT,2016,2.0
EXP,REG_END,LT,2017,0.0
EXP,REG_END,LT,2018,0.0
EXP,REG_END,LT,2019,0.0
EXP,REG_END,LT,2020,0.0
EXP,REG_END,LT,2021,0.0
EXP,REG_END,LT,2022,0.0
EXP,REG_END,LU,2013,0.0
EXP,REG_END,LU,2014,0.0
EXP,REG_END,LU,2015,0.0
EXP,REG_END,LU,2016,0.0
EXP,REG_END,LU,2017,0.0
EXP,REG_END,LU,2018,0.0
EXP,REG_END,LU,2019,0.0
EXP,REG_END,LU,2020,0.0
EXP,REG_END,LU,2021,0.0
EXP,REG_END,LU,2022,0.0
EXP,REG_END,LV,2012,0.0
EXP,REG_END,LV,2013,0.0
EXP,REG_END,LV,2014,1.0
EXP,REG_END,LV,2015,1.0
EXP,REG_END,LV,2016,1.0
EXP,REG_END,LV,2017,0.0
EXP,REG_END,LV,2019,0.0
EXP,REG_END,LV,2022,0.0
EXP,REG_END,ME,2021,0.0
EXP,REG_END,ME,2022,0.0
EXP,REG_END,MK,2013,4.0
EXP,REG_END,MK,2014,0.0
EXP,REG_END,MK,2015,0.0
EXP,REG_END,MK,2016,0.0
EXP,REG_END,MK,2017,4.0
EXP,REG_END,MK,2018,5.0
EXP,REG_END,MK,2019,7.0
EXP,REG_END,MK,2020,9.0
EXP,REG_END,MK,2021,1.0
EXP,REG_END,MK,2022,1.0
EXP,REG_END,MT,2012,0.0
EXP,REG_END,MT,2013,0.0
EXP,REG_END,MT,2014,0.0
EXP,REG_END,MT,2015,0.0
EXP,REG_END,MT,2016,0.0
EXP,REG_END,MT,2017,0.0
EXP,REG_END,MT,2018,0.0
EXP,REG_END,MT,2019,0.0
EXP,REG_END,MT,2020,0.0
EXP,REG_END,MT,2021,0.0
EXP,REG_END,MT,2022,0.0
EXP,REG_END,NL,2014,70.0
EXP,REG_END,NL,2015,73.0
EXP,REG_END,NL,2016,81.0
EXP,REG_END,NL,2017,87.0
EXP,REG_END,NL,2018,116.0
EXP,REG_END,NL,2019,120.0
EXP,REG_END,NL,2020,132.0
EXP,REG_END,NL,2021,146.0
EXP,REG_END,NL,2022,146.0
EXP,REG_END,NO,2012,0.0
EXP,REG_END,NO,2013,0.0
EXP,REG_END,NO,2014,2.0
EXP,REG_END,NO,2015,2.0
EXP,REG_END,NO,2016,1.0
EXP,REG_END,NO,2017,0.0
EXP,REG_END,NO,2018,0.0
EXP,REG_END,NO,2019,0.0
EXP,REG_END,NO,2020,0.0
EXP,REG_END,NO,2022,1.06
EXP,REG_END,PL,2012,33.0
EXP,REG_END,PL,2013,50.0
EXP,REG_END,PL,2014,71.0
EXP,REG_END,PL,2015,107.0
EXP,REG_END,PL,2016,180.0
EXP,REG_END,PL,2017,216.0
EXP,REG_END,PL,2018,249.0
EXP,REG_END,PL,2019,256.0
EXP,REG_END,PL,2020,319.0
EXP,REG_END,PL,2022,43.03
EXP,REG_END,PT,2014,0.0
EXP,REG_END,PT,2015,6.0
EXP,REG_END,PT,2016,1.0
EXP,REG_END,PT,2017,1.0
EXP,REG_END,PT,2018,23.0
EXP,REG_END,PT,2019,34.0
EXP,REG_END,PT,2020,36.0
EXP,REG_END,PT,2021,31.0
EXP,REG_END,PT,2022,0.48
EXP,REG_END,RO,2012,3.0
EXP,REG_END,RO,2013,1.0
EXP,REG_END,RO,2014,1.0
EXP,REG_END,RO,2015,3.0
EXP,REG_END,RO,2016,5.0
EXP,REG_END,RO,2017,6.0
EXP,REG_END,RO,2018,11.0
EXP,REG_END,RO,2019,15.0
EXP,REG_END,RO,2020,27.0
EXP,REG_END,RO,2021,25.0
EXP,REG_END,RO,2022,25.0
EXP,REG_END,RS,2012,9.0
EXP,REG_END,RS,2013,0.0
EXP,REG_END,RS,2014,1.0
EXP,REG_END,RS,2015,3.0
EXP,REG_END,RS,2016,8.0
EXP,REG_END,RS,2018,20.0
EXP,REG_END,RS,2019,69.0
EXP,REG_END,RS,2020,100.0
EXP,REG_END,RS,2022,8.44
EXP,REG_END,SE,2012,1.0
EXP,REG_END,SE,2013,31.0
EXP,REG_END,SE,2014,32.0
EXP,REG_END,SE,2015,32.0
EXP,REG_END,SE,2016,10.0
EXP,REG_END,SE,2017,14.0
EXP,REG_END,SE,2018,13.0
EXP,REG_END,SE,2019,18.0
EXP,REG_END,SE,2020,15.0
EXP,REG_END,SE,2021,27.0
EXP,REG_END,SE,2022,27.0
EXP,REG_END,SI,2012,0.0
EXP,REG_END,SI,2013,0.0
EXP,REG_END,SI,2014,0.0
EXP,REG_END,SI,2015,0.0
EXP,REG_END,SI,2016,0.0
EXP,REG_END,SI,2017,0.0
EXP,REG_END,SI,2018,0.0
EXP,REG_END,SI,2019,0.0
EXP,REG_END,SI,2020,0.0
EXP,REG_END,SI,2022,0.0
EXP,REG_END,SK,2012,0.0
EXP,REG_END,SK,2013,0.0
EXP,REG_END,SK,2014,1.0
EXP,REG_END,SK,2015,0.0
EXP,REG_END,SK,2016,2.0
EXP,REG_END,SK,2017,1.0
EXP,REG_END,SK,2019,19.0
EXP,REG_END,SK,2020,5.0
EXP,REG_END,SK,2022,1.55
EXP,REG_END,TR,2012,39.0
EXP,REG_END,TR,2013,39.0
EXP,REG_END,TR,2014,37.0
EXP,REG_END,TR,2015,42.0
EXP,REG_END,TR,2016,46.0
EXP,REG_END,TR,2017,69.0
EXP,REG_END,TR,2018,97.0
EXP,REG_END,TR,2019,209.0
EXP,REG_END,TR,2020,499.0
EXP,REG_END,TR,2021,515.0
EXP,REG_END,TR,2022,515.0
EXP,REG_END,UK,2012,0.0
EXP,REG_END,UK,2013,0.0
EXP,REG_END,UK,2014,0.0
EXP,REG_END,UK,2015,0.0
EXP,REG_END,UK,2016,0.0
EXP,REG_END,UK,2017,0.0
EXP,REG_END,UK,2018,0.0
EXP,REG_END,UK,2019,0.0
EXP,REG_END,UK,2022,0.0
EXP,REG_NEW,AL,2022,26.0
EXP,REG_NEW,AT,2017,7.0
EXP,REG_NEW,AT,2019,0.0
EXP,REG_NEW,AT,2020,0.0
EXP,REG_NEW,AT,2022,0.0
EXP,REG_NEW,BE,2022,0.0
EXP,REG_NEW,BG,2013,0.0
EXP,REG_NEW,BG,2014,2.0
EXP,REG_NEW,BG,2015,3.0
EXP,REG_NEW,BG,2016,0.0
EXP,REG_NEW,BG,2018,1.0
EXP,REG_NEW,BG,2019,1.0
EXP,REG_NEW,BG,2022,1.24
EXP,REG_NEW,CH,2022,0.0
EXP,REG_NEW,CY,2022,0.0
EXP,REG_NEW,CZ,2013,7.0
EXP,REG_NEW,CZ,2014,20.0
EXP,REG_NEW,CZ,2016,31.0
EXP,REG_NEW,CZ,2019,20.0
EXP,REG_NEW,CZ,2020,13.0
EXP,REG_NEW,CZ,2022,13.8
EXP,REG_NEW,DE,2022,1107.25
EXP,REG_NEW,DK,2022,90.0
EXP,REG_NEW,EE,2022,24.0
EXP,REG_NEW,EL,2022,36.58
EXP,REG_NEW,ES,2022,230.0
EXP,REG_NEW,FI,2022,37.0
EXP,REG_NEW,FR,2022,6614.13
EXP,REG_NEW,HR,2013,0.0
EXP,REG_NEW,HR,2014,0.0
EXP,REG_NEW,HR,2015,1.0
EXP,REG_NEW,HR,2016,1.0
EXP,REG_NEW,HR,2017,0.0
EXP,REG_NEW,HR,2018,2.0
EXP,REG_NEW,HR,2019,0.0
EXP,REG_NEW,HR,2022,0.0
EXP,REG_NEW,HU,2022,0.0
EXP,REG_NEW,IE,2022,0.0
EXP,REG_NEW,IS,2022,0.0
EXP,REG_NEW,IT,2022,582.0
EXP,REG_NEW,LT,2022,0.0
EXP,REG_NEW,LU,2022,0.0
EXP,REG_NEW,LV,2014,1.0
EXP,REG_NEW,LV,2015,0.0
EXP,REG_NEW,LV,2016,0.0
EXP,REG_NEW,LV,2017,0.0
EXP,REG_NEW,LV,2019,0.0
EXP,REG_NEW,LV,2022,0.0
EXP,REG_NEW,ME,2022,0.0
EXP,REG_NEW,MK,2015,0.0
EXP,REG_NEW,MK,2022,0.0
EXP,REG_NEW,MT,2013,0.0
EXP,REG_NEW,MT,2014,0.0
EXP,REG_NEW,MT,2015,0.0
EXP,REG_NEW,MT,2016,0.0
EXP,REG_NEW,MT,2017,0.0
EXP,REG_NEW,MT,2018,0.0
EXP,REG_NEW,MT,2019,0.0
EXP,REG_NEW,MT,2020,0.0
EXP,REG_NEW,MT,2022,0.0
EXP,REG_NEW,NL,2022,146.0
EXP,REG_NEW,NO,2022,0.0
EXP,REG_NEW,PL,2022,43.03
EXP,REG_NEW,PT,2015,0.0
EXP,REG_NEW,PT,2017,0.0
EXP,REG_NEW,PT,2022,0.0
EXP,REG_NEW,RO,2014,0.0
EXP,REG_NEW,RO,2015,1.0
EXP,REG_NEW,RO,2016,2.0
EXP,REG_NEW,RO,2017,2.0
EXP,REG_NEW,RO,2022,1.47
EXP,REG_NEW,RS,2022,8.44
EXP,REG_NEW,SE,2022,27.0
EXP,REG_NEW,SI,2022,0.0
EXP,REG_NEW,SK,2014,2.0
EXP,REG_NEW,SK,2022,2.0
EXP,REG_NEW,TR,2022,515.0
EXP,REG_NEW,UK,2022,0.0
EXP,REG_WDN,AL,2022,26.0
EXP,REG_WDN,AT,2017,3.0
EXP,REG_WDN,AT,2018,10.0
EXP,REG_WDN,AT,2019,0.0
EXP,REG_WDN,AT,2020,4.0
EXP,REG_WDN,AT,2022,0.0
EXP,REG_WDN,BE,2022,0.0
EXP,REG_WDN,BG,2013,4.0
EXP,REG_WDN,BG,2014,0.0
EXP,REG_WDN,BG,2015,6.0
EXP,REG_WDN,BG,2016,0.0
EXP,REG_WDN,BG,2018,3.0
EXP,REG_WDN,BG,2019,3.0
EXP,REG_WDN,BG,2022,0.0
EXP,REG_WDN,CH,2022,0.0
EXP,REG_WDN,CY,2022,0.0
EXP,REG_WDN,CZ,2013,1.0
EXP,REG_WDN,CZ,2014,8.0
EXP,REG_WDN,CZ,2016,5.0
EXP,REG_WDN,CZ,2019,22.0
EXP,REG_WDN,CZ,2020,17.0
EXP,REG_WDN,CZ,2022,8.0
EXP,REG_WDN,DE,2022,507.4
EXP,REG_WDN,DK,2022,90.0
EXP,REG_WDN,EE,2022,24.0
EXP,REG_WDN,EL,2022,36.58
EXP,REG_WDN,ES,2022,230.0
EXP,REG_WDN,FI,2022,37.0
EXP,REG_WDN,FR,2022,6614.13
EXP,REG_WDN,HR,2013,0.0
EXP,REG_WDN,HR,2014,0.0
EXP,REG_WDN,HR,2015,0.0
EXP,REG_WDN,HR,2016,1.0
EXP,REG_WDN,HR,2017,0.0
EXP,REG_WDN,HR,2019,0.0
EXP,REG_WDN,HR,2022,0.0
EXP,REG_WDN,HU,2022,0.0
EXP,REG_WDN,IE,2022,0.0
EXP,REG_WDN,IS,2022,0.0
EXP,REG_WDN,IT,2022,582.0
EXP,REG_WDN,LT,2022,0.0
EXP,REG_WDN,LU,2022,0.0
EXP,REG_WDN,LV,2015,0.0
EXP,REG_WDN,LV,2016,0.0
EXP,REG_WDN,LV,2017,1.0
EXP,REG_WDN,LV,2019,0.0
EXP,REG_WDN,LV,2022,0.0
EXP,REG_WDN,ME,2022,0.0
EXP,REG_WDN,MK,2015,0.0
EXP,REG_WDN,MK,2022,0.0
EXP,REG_WDN,MT,2013,0.0
EXP,REG_WDN,MT,2014,0.0
EXP,REG_WDN,MT,2015,0.0
EXP,REG_WDN,MT,2016,0.0
EXP,REG_WDN,MT,2017,0.0
EXP,REG_WDN,MT,2018,0.0
EXP,REG_WDN,MT,2019,0.0
EXP,REG_WDN,MT,2020,0.0
EXP,REG_WDN,MT,2022,0.0
EXP,REG_WDN,NL,2022,146.0
EXP,REG_WDN,NO,2022,0.0
EXP,REG_WDN,PL,2022,43.03
EXP,REG_WDN,PT,2015,0.0
EXP,REG_WDN,PT,2017,0.0
EXP,REG_WDN,PT,2022,0.0
EXP,REG_WDN,RO,2014,0.0
EXP,REG_WDN,RO,2016,0.0
EXP,REG_WDN,RO,2017,1.0
EXP,REG_WDN,RO,2022,0.46
EXP,REG_WDN,RS,2022,8.44
EXP,REG_WDN,SE,2022,27.0
EXP,REG_WDN,SI,2022,0.0
EXP,REG_WDN,SK,2014,1.0
EXP,REG_WDN,SK,2022,2.0
EXP,REG_WDN,TR,2022,515.0
EXP,REG_WDN,UK,2022,0.0
IMP,REG_END,AL,2021,4.0
IMP,REG_END,AL,2022,4.0
IMP,REG_END,AT,2013,14.0
IMP,REG_END,AT,2014,23.0
IMP,REG_END,AT,2015,55.0
IMP,REG_END,AT,2016,57.0
IMP,REG_END,AT,2017,66.0
IMP,REG_END,AT,2018,62.0
IMP,REG_END,AT,2019,58.0
IMP,REG_END,AT,2020,71.0
IMP,REG_END,AT,2021,84.0
IMP,REG_END,AT,2022,2.47
IMP,REG_END,BE,2012,122.0
IMP,REG_END,BE,2013,58.0
IMP,REG_END,BE,2014,141.0
IMP,REG_END,BE,2015,164.0
IMP,REG_END,BE,2016,183.0
IMP,REG_END,BE,2017,235.0
IMP,REG_END,BE,2018,279.0
IMP,REG_END,BE,2019,304.0
IMP,REG_END,BE,2022,99.5
IMP,REG_END,BG,2012,1.0
IMP,REG_END,BG,2013,3.0
IMP,REG_END,BG,2014,3.0
IMP,REG_END,BG,2015,8.0
IMP,REG_END,BG,2016,13.0
IMP,REG_END,BG,2018,26.0
IMP,REG_END,BG,2019,22.0
IMP,REG_END,BG,2021,43.0
IMP,REG_END,BG,2022,2.47
IMP,REG_END,CH,2022,2.47
IMP,REG_END,CY,2012,3.0
IMP,REG_END,CY,2013,3.0
IMP,REG_END,CY,2014,4.0
IMP,REG_END,CY,2015,3.0
IMP,REG_END,CY,2016,4.0
IMP,REG_END,CY,2017,15.0
IMP,REG_END,CY,2018,19.0
IMP,REG_END,CY,2019,14.0
IMP,REG_END,CY,2020,16.0
IMP,REG_END,CY,2021,28.0
IMP,REG_END,CY,2022,2.47
IMP,REG_END,CZ,2012,78.0
IMP,REG_END,CZ,2013,89.0
IMP,REG_END,CZ,2014,110.0
IMP,REG_END,CZ,2015,139.0
IMP,REG_END,CZ,2016,190.0
IMP,REG_END,CZ,2017,250.0
IMP,REG_END,CZ,2018,303.0
IMP,REG_END,CZ,2019,311.0
IMP,REG_END,CZ,2020,324.0
IMP,REG_END,CZ,2021,359.0
IMP,REG_END,CZ,2022,359.0
IMP,REG_END,DE,2012,308.0
IMP,REG_END,DE,2013,300.0
IMP,REG_END,DE,2014,1133.0
IMP,REG_END,DE,2015,1452.0
IMP,REG_END,DE,2016,1605.0
IMP,REG_END,DE,2017,1687.0
IMP,REG_END,DE,2018,1685.0
IMP,REG_END,DE,2019,1831.0
IMP,REG_END,DE,2020,1889.0
IMP,REG_END,DE,2021,1988.0
IMP,REG_END,DE,2022,1988.0
IMP,REG_END,DK,2014,68.0
IMP,REG_END,DK,2015,76.0
IMP,REG_END,DK,2016,74.0
IMP,REG_END,DK,2017,94.0
IMP,REG_END,DK,2018,94.0
IMP,REG_END,DK,2019,101.0
IMP,REG_END,DK,2020,149.0
IMP,REG_END,DK,2022,94.0
IMP,REG_END,EE,2012,5.0
IMP,REG_END,EE,2013,10.0
IMP,REG_END,EE,2014,9.0
IMP,REG_END,EE,2015,16.0
IMP,REG_END,EE,2016,26.0
IMP,REG_END,EE,2017,33.0
IMP,REG_END,EE,2018,33.0
IMP,REG_END,EE,2019,38.0
IMP,REG_END,EE,2020,38.0
IMP,REG_END,EE,2021,47.0
IMP,REG_END,EE,2022,47.0
IMP,REG_END,EL,2012,4.0
IMP,REG_END,EL,2013,3.0
IMP,REG_END,EL,2014,7.0
IMP,REG_END,EL,2015,14.0
IMP,REG_END,EL,2016,20.0
IMP,REG_END,EL,2017,30.0
IMP,REG_END,EL,2018,33.0
IMP,REG_END,EL,2019,44.0
IMP,REG_END,EL,2020,45.0
IMP,REG_END,EL,2022,2.47
IMP,REG_END,ES,2012,111.0
IMP,REG_END,ES,2013,112.0
IMP,REG_END,ES,2014,127.0
IMP,REG_END,ES,2015,166.0
IMP,REG_END,ES,2016,205.0
IMP,REG_END,ES,2017,263.0
IMP,REG_END,ES,2018,320.0
IMP,REG_END,ES,2019,364.0
IMP,REG_END,ES,2020,435.0
IMP,REG_END,ES,2021,472.0
IMP,REG_END,ES,2022,230.0
IMP,REG_END,FI,2012,52.0
IMP,REG_END,FI,2013,51.0
IMP,REG_END,FI,2014,111.0
IMP,REG_END,FI,2015,79.0
IMP,REG_END,FI,2016,78.0
IMP,REG_END,FI,2017,59.0
IMP,REG_END,FI,2019,72.0
IMP,REG_END,FI,2020,77.0
IMP,REG_END,FI,2021,84.0
IMP,REG_END,FI,2022,84.0
IMP,REG_END,FR,2012,137.0
IMP,REG_END,FR,2013,137.0
IMP,REG_END,FR,2014,148.0
IMP,REG_END,FR,2015,273.0
IMP,REG_END,FR,2016,316.0
IMP,REG_END,FR,2017,418.0
IMP,REG_END,FR,2022,142.72
IMP,REG_END,HR,2012,30.0
IMP,REG_END,HR,2013,34.0
IMP,REG_END,HR,2014,12.0
IMP,REG_END,HR,2015,19.0
IMP,REG_END,HR,2016,17.0
IMP,REG_END,HR,2017,23.0
IMP,REG_END,HR,2018,14.0
IMP,REG_END,HR,2019,22.0
IMP,REG_END,HR,2021,12.0
IMP,REG_END,HR,2022,12.0
IMP,REG_END,HU,2012,5.0
IMP,REG_END,HU,2013,15.0
IMP,REG_END,HU,2014,16.0
IMP,REG_END,HU,2015,21.0
IMP,REG_END,HU,2016,34.0
IMP,REG_END,HU,2017,36.0
IMP,REG_END,HU,2018,42.0
IMP,REG_END,HU,2019,44.0
IMP,REG_END,HU,2020,57.0
IMP,REG_END,HU,2021,61.0
IMP,REG_END,HU,2022,61.0
IMP,REG_END,IE,2013,32.0
IMP,REG_END,IE,2014,10.0
IMP,REG_END,IE,2015,21.0
IMP,REG_END,IE,2016,23.0
IMP,REG_END,IE,2017,26.0
IMP,REG_END,IE,2020,43.0
IMP,REG_END,IE,2021,156.0
IMP,REG_END,IE,2022,156.0
IMP,REG_END,IS,2012,2.0
IMP,REG_END,IS,2014,2.0
IMP,REG_END,IS,2015,2.0
IMP,REG_END,IS,2016,2.0
IMP,REG_END,IS,2017,2.0
IMP,REG_END,IS,2018,1.0
IMP,REG_END,IS,2019,2.0
IMP,REG_END,IS,2020,2.0
IMP,REG_END,IS,2022,2.47
IMP,REG_END,IT,2012,5.0
IMP,REG_END,IT,2013,260.0
IMP,REG_END,IT,2014,259.0
IMP,REG_END,IT,2015,310.0
IMP,REG_END,IT,2016,363.0
IMP,REG_END,IT,2017,411.0
IMP,REG_END,IT,2018,472.0
IMP,REG_END,IT,2019,527.0
IMP,REG_END,IT,2020,544.0
IMP,REG_END,IT,2022,506.56
IMP,REG_END,LT,2012,0.0
IMP,REG_END,LT,2013,3.0
IMP,REG_END,LT,2014,5.0
IMP,REG_END,LT,2015,8.0
IMP,REG_END,LT,2016,11.0
IMP,REG_END,LT,2017,12.0
IMP,REG_END,LT,2018,11.0
IMP,REG_END,LT,2019,3.0
IMP,REG_END,LT,2020,1.0
IMP,REG_END,LT,2021,1.0
IMP,REG_END,LT,2022,1.0
IMP,REG_END,LU,2013,2.0
IMP,REG_END,LU,2014,5.0
IMP,REG_END,LU,2015,6.0
IMP,REG_END,LU,2016,4.0
IMP,REG_END,LU,2017,6.0
IMP,REG_END,LU,2018,8.0
IMP,REG_END,LU,2019,7.0
IMP,REG_END,LU,2020,7.0
IMP,REG_END,LU,2021,8.0
IMP,REG_END,LU,2022,2.47
IMP,REG_END,LV,2012,2.0
IMP,REG_END,LV,2013,6.0
IMP,REG_END,LV,2014,6.0
IMP,REG_END,LV,2015,10.0
IMP,REG_END,LV,2016,9.0
IMP,REG_END,LV,2017,10.0
IMP,REG_END,LV,2019,5.0
IMP,REG_END,LV,2022,2.47
IMP,REG_END,ME,2022,2.47
IMP,REG_END,MK,2013,2.0
IMP,REG_END,MK,2014,0.0
IMP,REG_END,MK,2015,1.0
IMP,REG_END,MK,2016,0.0
IMP,REG_END,MK,2017,5.0
IMP,REG_END,MK,2018,4.0
IMP,REG_END,MK,2019,5.0
IMP,REG_END,MK,2020,7.0
IMP,REG_END,MK,2021,8.0
IMP,REG_END,MK,2022,2.47
IMP,REG_END,MT,2012,2.0
IMP,REG_END,MT,2013,11.0
IMP,REG_END,MT,2014,11.0
IMP,REG_END,MT,2015,12.0
IMP,REG_END,MT,2016,13.0
IMP,REG_END,MT,2017,12.0
IMP,REG_END,MT,2018,14.0
IMP,REG_END,MT,2019,14.0
IMP,REG_END,MT,2020,17.0
IMP,REG_END,MT,2021,37.0
IMP,REG_END,MT,2022,37.0
IMP,REG_END,NL,2014,276.0
IMP,REG_END,NL,2015,315.0
IMP,REG_END,NL,2016,364.0
IMP,REG_END,NL,2017,385.0
IMP,REG_END,NL,2018,417.0
IMP,REG_END,NL,2019,462.0
IMP,REG_END,NL,2020,479.0
IMP,REG_END,NL,2021,533.0
IMP,REG_END,NL,2022,374.92
IMP,REG_END,NO,2012,60.0
IMP,REG_END,NO,2013,72.0
IMP,REG_END,NO,2014,65.0
IMP,REG_END,NO,2015,74.0
IMP,REG_END,NO,2016,79.0
IMP,REG_END,NO,2017,84.0
IMP,REG_END,NO,2018,93.0
IMP,REG_END,NO,2019,94.0
IMP,REG_END,NO,2020,103.0
IMP,REG_END,NO,2022,62.45
IMP,REG_END,PL,2012,30.0
IMP,REG_END,PL,2013,46.0
IMP,REG_END,PL,2014,68.0
IMP,REG_END,PL,2015,92.0
IMP,REG_END,PL,2016,120.0
IMP,REG_END,PL,2017,161.0
IMP,REG_END,PL,2018,208.0
IMP,REG_END,PL,2019,238.0
IMP,REG_END,PL,2020,267.0
IMP,REG_END,PL,2022,40.67
IMP,REG_END,PT,2012,1.0
IMP,REG_END,PT,2013,2.0
IMP,REG_END,PT,2014,2.0
IMP,REG_END,PT,2015,10.0
IMP,REG_END,PT,2016,15.0
IMP,REG_END,PT,2017,22.0
IMP,REG_END,PT,2018,33.0
IMP,REG_END,PT,2019,41.0
IMP,REG_END,PT,2020,47.0
IMP,REG_END,PT,2021,66.0
IMP,REG_END,PT,2022,66.0
IMP,REG_END,RO,2012,3.0
IMP,REG_END,RO,2013,1.0
IMP,REG_END,RO,2014,3.0
IMP,REG_END,RO,2015,6.0
IMP,REG_END,RO,2016,5.0
IMP,REG_END,RO,2017,9.0
IMP,REG_END,RO,2018,18.0
IMP,REG_END,RO,2019,24.0
IMP,REG_END,RO,2020,30.0
IMP,REG_END,RO,2021,34.0
IMP,REG_END,RO,2022,34.0
IMP,REG_END,RS,2012,21.0
IMP,REG_END,RS,2013,24.0
IMP,REG_END,RS,2014,28.0
IMP,REG_END,RS,2015,30.0
IMP,REG_END,RS,2016,39.0
IMP,REG_END,RS,2018,56.0
IMP,REG_END,RS,2019,65.0
IMP,REG_END,RS,2020,56.0
IMP,REG_END,RS,2022,2.47
IMP,REG_END,SE,2012,218.0
IMP,REG_END,SE,2013,248.0
IMP,REG_END,SE,2014,247.0
IMP,REG_END,SE,2015,207.0
IMP,REG_END,SE,2016,165.0
IMP,REG_END,SE,2017,174.0
IMP,REG_END,SE,2018,205.0
IMP,REG_END,SE,2019,258.0
IMP,REG_END,SE,2020,298.0
IMP,REG_END,SE,2021,361.0
IMP,REG_END,SE,2022,247.52
IMP,REG_END,SI,2012,0.0
IMP,REG_END,SI,2013,9.0
IMP,REG_END,SI,2014,11.0
IMP,REG_END,SI,2015,12.0
IMP,REG_END,SI,2016,14.0
IMP,REG_END,SI,2017,18.0
IMP,REG_END,SI,2018,24.0
IMP,REG_END,SI,2019,27.0
IMP,REG_END,SI,2020,28.0
IMP,REG_END,SI,2022,2.47
IMP,REG_END,SK,2012,7.0
IMP,REG_END,SK,2013,2.0
IMP,REG_END,SK,2014,13.0
IMP,REG_END,SK,2015,11.0
IMP,REG_END,SK,2016,13.0
IMP,REG_END,SK,2017,22.0
IMP,REG_END,SK,2019,44.0
IMP,REG_END,SK,2020,43.0
IMP,REG_END,SK,2022,2.47
IMP,REG_END,TR,2012,35.0
IMP,REG_END,TR,2013,35.0
IMP,REG_END,TR,2014,34.0
IMP,REG_END,TR,2015,44.0
IMP,REG_END,TR,2016,61.0
IMP,REG_END,TR,2017,44.0
IMP,REG_END,TR,2018,51.0
IMP,REG_END,TR,2019,58.0
IMP,REG_END,TR,2020,84.0
IMP,REG_END,TR,2021,44.0
IMP,REG_END,TR,2022,515.0
IMP,REG_END,UK,2012,79.0
IMP,REG_END,UK,2013,75.0
IMP,REG_END,UK,2014,88.0
IMP,REG_END,UK,2015,189.0
IMP,REG_END,UK,2016,135.0
IMP,REG_END,UK,2017,182.0
IMP,REG_END,UK,2018,170.0
IMP,REG_END,UK,2019,216.0
IMP,REG_END,UK,2022,176.6
IMP,REG_NEW,AL,2022,4.0
IMP,REG_NEW,AT,2017,20.0
IMP,REG_NEW,AT,2018,14.0
IMP,REG_NEW,AT,2019,7.0
IMP,REG_NEW,AT,2020,18.0
IMP,REG_NEW,AT,2022,2.47
IMP,REG_NEW,BE,2022,99.5
IMP,REG_NEW,BG,2013,2.0
IMP,REG_NEW,BG,2014,1.0
IMP,REG_NEW,BG,2015,11.0
IMP,REG_NEW,BG,2016,7.0
IMP,REG_NEW,BG,2018,5.0
IMP,REG_NEW,BG,2019,2.0
IMP,REG_NEW,BG,2022,2.47
IMP,REG_NEW,CH,2022,2.47
IMP,REG_NEW,CY,2022,2.47
IMP,REG_NEW,CZ,2013,18.0
IMP,REG_NEW,CZ,2014,32.0
IMP,REG_NEW,CZ,2016,64.0
IMP,REG_NEW,CZ,2019,41.0
IMP,REG_NEW,CZ,2020,45.0
IMP,REG_NEW,CZ,2022,16.4
IMP,REG_NEW,DE,2013,53.0
IMP,REG_NEW,DE,2022,1506.25
IMP,REG_NEW,DK,2022,94.0
IMP,REG_NEW,EE,2022,47.0
IMP,REG_NEW,EL,2022,2.47
IMP,REG_NEW,ES,2022,230.0
IMP,REG_NEW,FI,2022,84.0
IMP,REG_NEW,FR,2022,142.72
IMP,REG_NEW,HR,2013,4.0
IMP,REG_NEW,HR,2014,5.0
IMP,REG_NEW,HR,2015,11.0
IMP,REG_NEW,HR,2016,6.0
IMP,REG_NEW,HR,2017,15.0
IMP,REG_NEW,HR,2018,3.0
IMP,REG_NEW,HR,2019,10.0
IMP,REG_NEW,HR,2022,12.0
IMP,REG_NEW,HU,2022,61.0
IMP,REG_NEW,IE,2017,7.0
IMP,REG_NEW,IE,2022,156.0
IMP,REG_NEW,IS,2019,1.0
IMP,REG_NEW,IS,2022,2.47
IMP,REG_NEW,IT,2022,506.56
IMP,REG_NEW,LT,2022,1.0
IMP,REG_NEW,LU,2014,3.0
IMP,REG_NEW,LU,2022,2.47
IMP,REG_NEW,LV,2013,4.0
IMP,REG_NEW,LV,2015,4.0
IMP,REG_NEW,LV,2016,0.0
IMP,REG_NEW,LV,2017,1.0
IMP,REG_NEW,LV,2019,1.0
IMP,REG_NEW,LV,2022,2.47
IMP,REG_NEW,ME,2022,2.47
IMP,REG_NEW,MK,2015,1.0
IMP,REG_NEW,MK,2022,2.47
IMP,REG_NEW,MT,2013,9.0
IMP,REG_NEW,MT,2014,1.0
IMP,REG_NEW,MT,2015,2.0
IMP,REG_NEW,MT,2016,1.0
IMP,REG_NEW,MT,2017,0.0
IMP,REG_NEW,MT,2018,2.0
IMP,REG_NEW,MT,2019,2.0
IMP,REG_NEW,MT,2020,3.0
IMP,REG_NEW,MT,2022,37.0
IMP,REG_NEW,NL,2022,374.92
IMP,REG_NEW,NO,2022,62.45
IMP,REG_NEW,PL,2022,40.67
IMP,REG_NEW,PT,2013,1.0
IMP,REG_NEW,PT,2014,0.0
IMP,REG_NEW,PT,2015,1.0
IMP,REG_NEW,PT,2017,7.0
IMP,REG_NEW,PT,2022,66.0
IMP,REG_NEW,RO,2014,1.0
IMP,REG_NEW,RO,2015,1.0
IMP,REG_NEW,RO,2016,1.0
IMP,REG_NEW,RO,2017,7.0
IMP,REG_NEW,RO,2022,34.0
IMP,REG_NEW,RS,2022,2.47
IMP,REG_NEW,SE,2022,247.52
IMP,REG_NEW,SI,2022,2.47
IMP,REG_NEW,SK,2014,13.0
IMP,REG_NEW,SK,2022,2.47
IMP,REG_NEW,TR,2022,515.0
IMP,REG_NEW,UK,2022,176.6
IMP,REG_WDN,AL,2022,4.0
IMP,REG_WDN,AT,2017,11.0
IMP,REG_WDN,AT,2018,18.0
IMP,REG_WDN,AT,2019,11.0
IMP,REG_WDN,AT,2020,5.0
IMP,REG_WDN,AT,2022,2.47
IMP,REG_WDN,BE,2022,99.5
IMP,REG_WDN,BG,2013,0.0
IMP,REG_WDN,BG,2014,1.0
IMP,REG_WDN,BG,2015,6.0
IMP,REG_WDN,BG,2016,2.0
IMP,REG_WDN,BG,2018,9.0
IMP,REG_WDN,BG,2019,6.0
IMP,REG_WDN,BG,2022,2.47
IMP,REG_WDN,CH,2022,2.47
IMP,REG_WDN,CY,2022,2.47
IMP,REG_WDN,CZ,2013,7.0
IMP,REG_WDN,CZ,2014,11.0
IMP,REG_WDN,CZ,2016,13.0
IMP,REG_WDN,CZ,2019,33.0
IMP,REG_WDN,CZ,2020,32.0
IMP,REG_WDN,CZ,2022,11.96
IMP,REG_WDN,DE,2013,61.0
IMP,REG_WDN,DE,2022,677.64
IMP,REG_WDN,DK,2022,94.0
IMP,REG_WDN,EE,2022,47.0
IMP,REG_WDN,EL,2022,2.47
IMP,REG_WDN,ES,2022,230.0
IMP,REG_WDN,FI,2022,84.0
IMP,REG_WDN,FR,2022,142.72
IMP,REG_WDN,HR,2013,0.0
IMP,REG_WDN,HR,2014,27.0
IMP,REG_WDN,HR,2015,4.0
IMP,REG_WDN,HR,2016,8.0
IMP,REG_WDN,HR,2017,9.0
IMP,REG_WDN,HR,2018,12.0
IMP,REG_WDN,HR,2019,2.0
IMP,REG_WDN,HR,2022,12.0
IMP,REG_WDN,HU,2022,61.0
IMP,REG_WDN,IE,2017,4.0
IMP,REG_WDN,IE,2022,156.0
IMP,REG_WDN,IS,2022,2.47
IMP,REG_WDN,IT,2022,506.56
IMP,REG_WDN,LT,2022,1.0
IMP,REG_WDN,LU,2014,0.0
IMP,REG_WDN,LU,2022,2.47
IMP,REG_WDN,LV,2015,0.0
IMP,REG_WDN,LV,2016,1.0
IMP,REG_WDN,LV,2017,0.0
IMP,REG_WDN,LV,2019,5.0
IMP,REG_WDN,LV,2022,2.47
IMP,REG_WDN,ME,2022,2.47
IMP,REG_WDN,MK,2016,1.0
IMP,REG_WDN,MK,2022,2.47
IMP,REG_WDN,MT,2013,0.0
IMP,REG_WDN,MT,2014,1.0
IMP,REG_WDN,MT,2015,1.0
IMP,REG_WDN,MT,2016,0.0
IMP,REG_WDN,MT,2017,1.0
IMP,REG_WDN,MT,2018,0.0
IMP,REG_WDN,MT,2019,2.0
IMP,REG_WDN,MT,2020,0.0
IMP,REG_WDN,MT,2022,37.0
IMP,REG_WDN,NL,2022,374.92
IMP,REG_WDN,NO,2022,62.45
IMP,REG_WDN,PL,2022,40.67
IMP,REG_WDN,PT,2013,0.0
IMP,REG_WDN,PT,2014,0.0
IMP,REG_WDN,PT,2015,1.0
IMP,REG_WDN,PT,2017,0.0
IMP,REG_WDN,PT,2022,66.0
IMP,REG_WDN,RO,2014,0.0
IMP,REG_WDN,RO,2015,1.0
IMP,REG_WDN,RO,2016,2.0
IMP,REG_WDN,RO,2017,3.0
IMP,REG_WDN,RO,2022,34.0
IMP,REG_WDN,RS,2022,2.47
IMP,REG_WDN,SE,2022,247.52
IMP,REG_WDN,SI,2022,2.47
IMP,REG_WDN,SK,2014,2.0
IMP,REG_WDN,SK,2022,2.47
IMP,REG_WDN,TR,2022,515.0
IMP,REG_WDN,UK,2022,176.6
PRC,REG_END,AL,2021,62.0
PRC,REG_END,AL,2022,66.36
PRC,REG_END,AT,2013,2393.0
PRC,REG_END,AT,2014,2118.0
PRC,REG_END,AT,2015,1617.0
PRC,REG_END,AT,2016,1683.0
PRC,REG_END,AT,2017,1650.0
PRC,REG_END,AT,2018,1651.0
PRC,REG_END,AT,2019,1691.0
PRC,REG_END,AT,2020,1673.0
PRC,REG_END,AT,2021,1925.0
PRC,REG_END,AT,2022,1650.5
PRC,REG_END,BE,2012,767.0
PRC,REG_END,BE,2013,861.0
PRC,REG_END,BE,2014,891.0
PRC,REG_END,BE,2015,1014.0
PRC,REG_END,BE,2016,1116.0
PRC,REG_END,BE,2017,1227.0
PRC,REG_END,BE,2018,1403.0
PRC,REG_END,BE,2019,1585.0
PRC,REG_END,BE,2022,832.72
PRC,REG_END,BG,2012,81.0
PRC,REG_END,BG,2013,92.0
PRC,REG_END,BG,2014,132.0
PRC,REG_END,BG,2015,161.0
PRC,REG_END,BG,2016,175.0
PRC,REG_END,BG,2018,234.0
PRC,REG_END,BG,2019,249.0
PRC,REG_END,BG,2021,286.0
PRC,REG_END,BG,2022,153.93
PRC,REG_END,CH,2022,66.36
PRC,REG_END,CY,2012,53.0
PRC,REG_END,CY,2013,66.0
PRC,REG_END,CY,2014,51.0
PRC,REG_END,CY,2015,60.0
PRC,REG_END,CY,2016,57.0
PRC,REG_END,CY,2017,64.0
PRC,REG_END,CY,2018,57.0
PRC,REG_END,CY,2019,61.0
PRC,REG_END,CY,2020,70.0
PRC,REG_END,CY,2021,70.0
PRC,REG_END,CY,2022,70.0
PRC,REG_END,CZ,2012,448.0
PRC,REG_END,CZ,2013,471.0
PRC,REG_END,CZ,2014,506.0
PRC,REG_END,CZ,2015,558.0
PRC,REG_END,CZ,2016,616.0
PRC,REG_END,CZ,2017,655.0
PRC,REG_END,CZ,2018,724.0
PRC,REG_END,CZ,2019,802.0
PRC,REG_END,CZ,2020,852.0
PRC,REG_END,CZ,2021,930.0
PRC,REG_END,CZ,2022,461.8
PRC,REG_END,DE,2012,9183.0
PRC,REG_END,DE,2013,9146.0
PRC,REG_END,DE,2014,11609.0
PRC,REG_END,DE,2015,14280.0
PRC,REG_END,DE,2016,14494.0
PRC,REG_END,DE,2017,15019.0
PRC,REG_END,DE,2018,15670.0
PRC,REG_END,DE,2019,16162.0
PRC,REG_END,DE,2020,17254.0
PRC,REG_END,DE,2021,19536.0
PRC,REG_END,DE,2022,19536.0
PRC,REG_END,DK,2012,703.0
PRC,REG_END,DK,2013,760.0
PRC,REG_END,DK,2014,787.0
PRC,REG_END,DK,2015,908.0
PRC,REG_END,DK,2016,972.0
PRC,REG_END,DK,2017,1018.0
PRC,REG_END,DK,2018,963.0
PRC,REG_END,DK,2019,1092.0
PRC,REG_END,DK,2020,1162.0
PRC,REG_END,DK,2022,967.95
PRC,REG_END,EE,2012,72.0
PRC,REG_END,EE,2013,84.0
PRC,REG_END,EE,2014,109.0
PRC,REG_END,EE,2015,118.0
PRC,REG_END,EE,2016,135.0
PRC,REG_END,EE,2017,169.0
PRC,REG_END,EE,2018,171.0
PRC,REG_END,EE,2019,173.0
PRC,REG_END,EE,2020,176.0
PRC,REG_END,EE,2021,195.0
PRC,REG_END,EE,2022,195.0
PRC,REG_END,EL,2012,1564.0
PRC,REG_END,EL,2013,1555.0
PRC,REG_END,EL,2014,1635.0
PRC,REG_END,EL,2015,1526.0
PRC,REG_END,EL,2016,1495.0
PRC,REG_END,EL,2017,1586.0
PRC,REG_END,EL,2018,1542.0
PRC,REG_END,EL,2019,1642.0
PRC,REG_END,EL,2020,1653.0
PRC,REG_END,EL,2022,1548.11
PRC,REG_END,ES,2012,2790.0
PRC,REG_END,ES,2013,2842.0
PRC,REG_END,ES,2014,3082.0
PRC,REG_END,ES,2015,3492.0
PRC,REG_END,ES,2016,3810.0
PRC,REG_END,ES,2017,4297.0
PRC,REG_END,ES,2018,4627.0
PRC,REG_END,ES,2019,5230.0
PRC,REG_END,ES,2020,5561.0
PRC,REG_END,ES,2021,5921.0
PRC,REG_END,ES,2022,5921.0
PRC,REG_END,FI,2012,455.0
PRC,REG_END,FI,2013,665.0
PRC,REG_END,FI,2014,679.0
PRC,REG_END,FI,2015,453.0
PRC,REG_END,FI,2016,535.0
PRC,REG_END,FI,2017,360.0
PRC,REG_END,FI,2019,430.0
PRC,REG_END,FI,2020,523.0
PRC,REG_END,FI,2021,463.0
PRC,REG_END,FI,2022,463.0
PRC,REG_END,FR,2012,8957.0
PRC,REG_END,FR,2013,8957.0
PRC,REG_END,FR,2014,11198.0
PRC,REG_END,FR,2015,11842.0
PRC,REG_END,FR,2016,12826.0
PRC,REG_END,FR,2017,14859.0
PRC,REG_END,FR,2022,12085.06
PRC,REG_END,HR,2012,154.0
PRC,REG_END,HR,2013,181.0
PRC,REG_END,HR,2014,237.0
PRC,REG_END,HR,2015,320.0
PRC,REG_END,HR,2016,312.0
PRC,REG_END,HR,2017,357.0
PRC,REG_END,HR,2018,368.0
PRC,REG_END,HR,2019,395.0
PRC,REG_END,HR,2021,378.0
PRC,REG_END,HR,2022,315.52
PRC,REG_END,HU,2012,414.0
PRC,REG_END,HU,2013,371.0
PRC,REG_END,HU,2014,254.0
PRC,REG_END,HU,2015,410.0
PRC,REG_END,HU,2016,442.0
PRC,REG_END,HU,2017,492.0
PRC,REG_END,HU,2018,515.0
PRC,REG_END,HU,2019,523.0
PRC,REG_END,HU,2020,521.0
PRC,REG_END,HU,2021,489.0
PRC,REG_END,HU,2022,489.0
PRC,REG_END,IE,2013,193.0
PRC,REG_END,IE,2014,243.0
PRC,REG_END,IE,2015,255.0
PRC,REG_END,IE,2016,275.0
PRC,REG_END,IE,2017,307.0
PRC,REG_END,IE,2020,180.0
PRC,REG_END,IE,2021,215.0
PRC,REG_END,IE,2022,249.6
PRC,REG_END,IS,2012,17.0
PRC,REG_END,IS,2014,26.0
PRC,REG_END,IS,2015,29.0
PRC,REG_END,IS,2016,28.0
PRC,REG_END,IS,2017,32.0
PRC,REG_END,IS,2018,23.0
PRC,REG_END,IS,2019,20.0
PRC,REG_END,IS,2020,22.0
PRC,REG_END,IS,2022,22.5
PRC,REG_END,IT,2012,5873.0
PRC,REG_END,IT,2013,10860.0
PRC,REG_END,IT,2014,12641.0
PRC,REG_END,IT,2015,14658.0
PRC,REG_END,IT,2016,16578.0
PRC,REG_END,IT,2017,18497.0
PRC,REG_END,IT,2018,20087.0
PRC,REG_END,IT,2019,21940.0
PRC,REG_END,IT,2020,22689.0
PRC,REG_END,IT,2022,11803.93
PRC,REG_END,LT,2012,91.0
PRC,REG_END,LT,2013,108.0
PRC,REG_END,LT,2014,67.0
PRC,REG_END,LT,2015,61.0
PRC,REG_END,LT,2016,65.0
PRC,REG_END,LT,2017,86.0
PRC,REG_END,LT,2018,81.0
PRC,REG_END,LT,2019,124.0
PRC,REG_END,LT,2020,148.0
PRC,REG_END,LT,2021,121.0
PRC,REG_END,LT,2022,121.0
PRC,REG_END,LU,2013,64.0
PRC,REG_END,LU,2014,72.0
PRC,REG_END,LU,2015,79.0
PRC,REG_END,LU,2016,82.0
PRC,REG_END,LU,2017,88.0
PRC,REG_END,LU,2018,94.0
PRC,REG_END,LU,2019,101.0
PRC,REG_END,LU,2020,104.0
PRC,REG_END,LU,2021,107.0
PRC,REG_END,LU,2022,80.5
PRC,REG_END,LV,2012,86.0
PRC,REG_END,LV,2013,59.0
PRC,REG_END,LV,2014,50.0
PRC,REG_END,LV,2015,75.0
PRC,REG_END,LV,2016,48.0
PRC,REG_END,LV,2017,51.0
PRC,REG_END,LV,2019,65.0
PRC,REG_END,LV,2022,86.0
PRC,REG_END,ME,2021,25.0
PRC,REG_END,ME,2022,66.36
PRC,REG_END,MK,2013,15.0
PRC,REG_END,MK,2014,11.0
PRC,REG_END,MK,2015,15.0
PRC,REG_END,MK,2016,17.0
PRC,REG_END,MK,2017,15.0
PRC,REG_END,MK,2018,20.0
PRC,REG_END,MK,2019,23.0
PRC,REG_END,MK,2020,24.0
PRC,REG_END,MK,2021,17.0
PRC,REG_END,MK,2022,23.38
PRC,REG_END,MT,2012,4.0
PRC,REG_END,MT,2013,10.0
PRC,REG_END,MT,2014,9.0
PRC,REG_END,MT,2015,8.0
PRC,REG_END,MT,2016,7.0
PRC,REG_END,MT,2017,5.0
PRC,REG_END,MT,2018,5.0
PRC,REG_END,MT,2019,7.0
PRC,REG_END,MT,2020,8.0
PRC,REG_END,MT,2021,8.0
PRC,REG_END,MT,2022,8.0
PRC,REG_END,NL,2012,1035.0
PRC,REG_END,NL,2013,1088.0
PRC,REG_END,NL,2014,999.0
PRC,REG_END,NL,2015,994.0
PRC,REG_END,NL,2016,990.0
PRC,REG_END,NL,2017,995.0
PRC,REG_END,NL,2018,1031.0
PRC,REG_END,NL,2019,1021.0
PRC,REG_END,NL,2020,993.0
PRC,REG_END,NL,2021,995.0
PRC,REG_END,NL,2022,995.0
PRC,REG_END,NO,2012,541.0
PRC,REG_END,NO,2013,507.0
PRC,REG_END,NO,2014,490.0
PRC,REG_END,NO,2015,358.0
PRC,REG_END,NO,2016,399.0
PRC,REG_END,NO,2017,407.0
PRC,REG_END,NO,2018,457.0
PRC,REG_END,NO,2019,428.0
PRC,REG_END,NO,2020,471.0
PRC,REG_END,NO,2022,403.32
PRC,REG_END,PL,2012,312.0
PRC,REG_END,PL,2013,407.0
PRC,REG_END,PL,2014,484.0
PRC,REG_END,PL,2015,336.0
PRC,REG_END,PL,2016,436.0
PRC,REG_END,PL,2017,455.0
PRC,REG_END,PL,2018,533.0
PRC,REG_END,PL,2019,636.0
PRC,REG_END,PL,2020,668.0
PRC,REG_END,PL,2022,445.69
PRC,REG_END,PT,2012,376.0
PRC,REG_END,PT,2013,437.0
PRC,REG_END,PT,2014,540.0
PRC,REG_END,PT,2015,558.0
PRC,REG_END,PT,2016,639.0
PRC,REG_END,PT,2017,760.0
PRC,REG_END,PT,2018,788.0
PRC,REG_END,PT,2019,933.0
PRC,REG_END,PT,2020,1036.0
PRC,REG_END,PT,2021,1296.0
PRC,REG_END,PT,2022,1296.0
PRC,REG_END,RO,2012,105.0
PRC,REG_END,RO,2013,100.0
PRC,REG_END,RO,2014,124.0
PRC,REG_END,RO,2015,142.0
PRC,REG_END,RO,2016,150.0
PRC,REG_END,RO,2017,161.0
PRC,REG_END,RO,2018,175.0
PRC,REG_END,RO,2019,191.0
PRC,REG_END,RO,2020,201.0
PRC,REG_END,RO,2021,209.0
PRC,REG_END,RO,2022,209.0
PRC,REG_END,RS,2012,26.0
PRC,REG_END,RS,2013,32.0
PRC,REG_END,RS,2014,44.0
PRC,REG_END,RS,2015,37.0
PRC,REG_END,RS,2016,44.0
PRC,REG_END,RS,2018,110.0
PRC,REG_END,RS,2019,128.0
PRC,REG_END,RS,2020,101.0
PRC,REG_END,RS,2022,29.42
PRC,REG_END,SE,2012,680.0
PRC,REG_END,SE,2013,762.0
PRC,REG_END,SE,2014,855.0
PRC,REG_END,SE,2015,880.0
PRC,REG_END,SE,2016,1144.0
PRC,REG_END,SE,2017,1328.0
PRC,REG_END,SE,2018,1350.0
PRC,REG_END,SE,2019,1027.0
PRC,REG_END,SE,2020,1048.0
PRC,REG_END,SE,2021,1128.0
PRC,REG_END,SE,2022,1128.0
PRC,REG_END,SI,2012,177.0
PRC,REG_END,SI,2013,193.0
PRC,REG_END,SI,2014,236.0
PRC,REG_END,SI,2015,279.0
PRC,REG_END,SI,2016,310.0
PRC,REG_END,SI,2017,375.0
PRC,REG_END,SI,2018,133.0
PRC,REG_END,SI,2019,142.0
PRC,REG_END,SI,2020,139.0
PRC,REG_END,SI,2022,140.35
PRC,REG_END,SK,2012,57.0
PRC,REG_END,SK,2013,48.0
PRC,REG_END,SK,2014,56.0
PRC,REG_END,SK,2015,48.0
PRC,REG_END,SK,2016,36.0
PRC,REG_END,SK,2017,85.0
PRC,REG_END,SK,2019,142.0
PRC,REG_END,SK,2020,119.0
PRC,REG_END,SK,2022,61.81
PRC,REG_END,TR,2012,118.0
PRC,REG_END,TR,2013,118.0
PRC,REG_END,TR,2014,839.0
PRC,REG_END,TR,2015,1064.0
PRC,REG_END,TR,2016,1422.0
PRC,REG_END,TR,2017,1142.0
PRC,REG_END,TR,2018,1501.0
PRC,REG_END,TR,2019,1309.0
PRC,REG_END,TR,2020,1844.0
PRC,REG_END,TR,2021,506.0
PRC,REG_END,TR,2022,118.0
PRC,REG_END,UK,2012,2052.0
PRC,REG_END,UK,2013,2079.0
PRC,REG_END,UK,2014,2487.0
PRC,REG_END,UK,2015,2625.0
PRC,REG_END,UK,2016,2969.0
PRC,REG_END,UK,2017,3131.0
PRC,REG_END,UK,2018,2655.0
PRC,REG_END,UK,2019,2566.0
PRC,REG_END,UK,2022,2061.18
PRC,REG_NEW,AL,2022,12.48
PRC,REG_NEW,AT,2017,162.0
PRC,REG_NEW,AT,2018,138.0
PRC,REG_NEW,AT,2019,144.0
PRC,REG_NEW,AT,2020,201.0
PRC,REG_NEW,AT,2022,149.52
PRC,REG_NEW,BE,2022,12.48
PRC,REG_NEW,BG,2013,27.0
PRC,REG_NEW,BG,2014,59.0
PRC,REG_NEW,BG,2015,80.0
PRC,REG_NEW,BG,2016,43.0
PRC,REG_NEW,BG,2018,87.0
PRC,REG_NEW,BG,2019,36.0
PRC,REG_NEW,BG,2022,12.48
PRC,REG_NEW,CH,2022,12.48
PRC,REG_NEW,CY,2022,12.48
PRC,REG_NEW,CZ,2013,63.0
PRC,REG_NEW,CZ,2014,72.0
PRC,REG_NEW,CZ,2016,103.0
PRC,REG_NEW,CZ,2020,163.0
PRC,REG_NEW,CZ,2022,120.76
PRC,REG_NEW,DE,2013,855.0
PRC,REG_NEW,DE,2022,11891.96
PRC,REG_NEW,DK,2013,100.0
PRC,REG_NEW,DK,2022,100.0
PRC,REG_NEW,EE,2022,12.48
PRC,REG_NEW,EL,2022,1548.11
PRC,REG_NEW,ES,2022,5921.0
PRC,REG_NEW,FI,2022,12.48
PRC,REG_NEW,FR,2022,12085.06
PRC,REG_NEW,HR,2013,30.0
PRC,REG_NEW,HR,2014,67.0
PRC,REG_NEW,HR,2015,102.0
PRC,REG_NEW,HR,2016,30.0
PRC,REG_NEW,HR,2017,78.0
PRC,REG_NEW,HR,2018,28.0
PRC,REG_NEW,HR,2019,43.0
PRC,REG_NEW,HR,2022,12.48
PRC,REG_NEW,HU,2022,12.48
PRC,REG_NEW,IE,2017,55.0
PRC,REG_NEW,IE,2022,12.48
PRC,REG_NEW,IS,2016,1.0
PRC,REG_NEW,IS,2017,5.0
PRC,REG_NEW,IS,2020,2.0
PRC,REG_NEW,IS,2022,3.4
PRC,REG_NEW,IT,2022,11803.93
PRC,REG_NEW,LT,2022,12.48
PRC,REG_NEW,LU,2014,11.0
PRC,REG_NEW,LU,2022,12.48
PRC,REG_NEW,LV,2013,23.0
PRC,REG_NEW,LV,2015,33.0
PRC,REG_NEW,LV,2016,4.0
PRC,REG_NEW,LV,2017,11.0
PRC,REG_NEW,LV,2019,9.0
PRC,REG_NEW,LV,2022,17.72
PRC,REG_NEW,ME,2022,12.48
PRC,REG_NEW,MK,2015,11.0
PRC,REG_NEW,MK,2016,13.0
PRC,REG_NEW,MK,2022,12.69
PRC,REG_NEW,MT,2013,1.0
PRC,REG_NEW,MT,2014,0.0
PRC,REG_NEW,MT,2015,0.0
PRC,REG_NEW,MT,2016,2.0
PRC,REG_NEW,MT,2017,0.0
PRC,REG_NEW,MT,2018,0.0
PRC,REG_NEW,MT,2019,2.0
PRC,REG_NEW,MT,2020,1.0
PRC,REG_NEW,MT,2022,0.0
PRC,REG_NEW,NL,2022,12.48
PRC,REG_NEW,NO,2022,12.48
PRC,REG_NEW,PL,2022,12.48
PRC,REG_NEW,PT,2013,90.0
PRC,REG_NEW,PT,2014,111.0
PRC,REG_NEW,PT,2015,110.0
PRC,REG_NEW,PT,2017,155.0
PRC,REG_NEW,PT,2022,90.0
PRC,REG_NEW,RO,2014,48.0
PRC,REG_NEW,RO,2015,50.0
PRC,REG_NEW,RO,2016,51.0
PRC,REG_NEW,RO,2017,39.0
PRC,REG_NEW,RO,2022,49.5
PRC,REG_NEW,RS,2022,12.48
PRC,REG_NEW,SE,2022,12.48
PRC,REG_NEW,SI,2022,12.48
PRC,REG_NEW,SK,2014,12.0
PRC,REG_NEW,SK,2022,12.27
PRC,REG_NEW,TR,2022,12.48
PRC,REG_NEW,UK,2022,2061.18
PRC,REG_WDN,AL,2022,5.65
PRC,REG_WDN,AT,2017,195.0
PRC,REG_WDN,AT,2018,137.0
PRC,REG_WDN,AT,2019,104.0
PRC,REG_WDN,AT,2020,219.0
PRC,REG_WDN,AT,2022,149.0
PRC,REG_WDN,BE,2022,5.65
PRC,REG_WDN,BG,2013,16.0
PRC,REG_WDN,BG,2014,19.0
PRC,REG_WDN,BG,2015,51.0
PRC,REG_WDN,BG,2016,29.0
PRC,REG_WDN,BG,2018,34.0
PRC,REG_WDN,BG,2019,21.0
PRC,REG_WDN,BG,2022,27.76
PRC,REG_WDN,CH,2022,5.65
PRC,REG_WDN,CY,2022,5.65
PRC,REG_WDN,CZ,2013,40.0
PRC,REG_WDN,CZ,2014,37.0
PRC,REG_WDN,CZ,2016,45.0
PRC,REG_WDN,CZ,2020,113.0
PRC,REG_WDN,CZ,2022,38.77
PRC,REG_WDN,DE,2013,892.0
PRC,REG_WDN,DE,2022,6858.08
PRC,REG_WDN,DK,2013,43.0
PRC,REG_WDN,DK,2022,43.0
PRC,REG_WDN,EE,2022,5.65
PRC,REG_WDN,EL,2022,1548.11
PRC,REG_WDN,ES,2022,5921.0
PRC,REG_WDN,FI,2022,5.65
PRC,REG_WDN,FR,2022,12085.06
PRC,REG_WDN,HR,2013,3.0
PRC,REG_WDN,HR,2014,11.0
PRC,REG_WDN,HR,2015,19.0
PRC,REG_WDN,HR,2016,38.0
PRC,REG_WDN,HR,2017,33.0
PRC,REG_WDN,HR,2018,17.0
PRC,REG_WDN,HR,2019,16.0
PRC,REG_WDN,HR,2022,11.0
PRC,REG_WDN,HU,2022,5.65
PRC,REG_WDN,IE,2017,23.0
PRC,REG_WDN,IE,2022,23.0
PRC,REG_WDN,IS,2016,2.0
PRC,REG_WDN,IS,2017,1.0
PRC,REG_WDN,IS,2019,3.0
PRC,REG_WDN,IS,2022,2.09
PRC,REG_WDN,IT,2022,11803.93
PRC,REG_WDN,LT,2022,5.65
PRC,REG_WDN,LU,2014,3.0
PRC,REG_WDN,LU,2022,5.65
PRC,REG_WDN,LV,2013,11.0
PRC,REG_WDN,LV,2015,8.0
PRC,REG_WDN,LV,2016,31.0
PRC,REG_WDN,LV,2017,8.0
PRC,REG_WDN,LV,2019,3.0
PRC,REG_WDN,LV,2022,9.62
PRC,REG_WDN,ME,2022,5.65
PRC,REG_WDN,MK,2015,7.0
PRC,REG_WDN,MK,2016,11.0
PRC,REG_WDN,MK,2022,6.34
PRC,REG_WDN,MT,2013,0.0
PRC,REG_WDN,MT,2014,1.0
PRC,REG_WDN,MT,2015,1.0
PRC,REG_WDN,MT,2016,3.0
PRC,REG_WDN,MT,2017,2.0
PRC,REG_WDN,MT,2018,0.0
PRC,REG_WDN,MT,2019,0.0
PRC,REG_WDN,MT,2020,0.0
PRC,REG_WDN,MT,2022,0.0
PRC,REG_WDN,NL,2022,5.65
PRC,REG_WDN,NO,2022,5.65
PRC,REG_WDN,PL,2022,5.65
PRC,REG_WDN,PT,2013,48.0
PRC,REG_WDN,PT,2014,33.0
PRC,REG_WDN,PT,2015,46.0
PRC,REG_WDN,PT,2017,34.0
PRC,REG_WDN,PT,2022,46.9
PRC,REG_WDN,RO,2014,28.0
PRC,REG_WDN,RO,2015,35.0
PRC,REG_WDN,RO,2016,43.0
PRC,REG_WDN,RO,2017,28.0
PRC,REG_WDN,RO,2022,28.0
PRC,REG_WDN,RS,2022,5.65
PRC,REG_WDN,SE,2022,5.65
PRC,REG_WDN,SI,2022,5.65
PRC,REG_WDN,SK,2014,4.0
PRC,REG_WDN,SK,2022,4.81
PRC,REG_WDN,TR,2022,5.65
PRC,REG_WDN,UK,2022,2061.18
PRD_AGRI,REG_END,AL,2021,130.0
PRD_AGRI,REG_END,AL,2022,130.0
PRD_AGRI,REG_END,AT,2012,21843.0
PRD_AGRI,REG_END,AT,2013,21863.0
PRD_AGRI,REG_END,AT,2014,22184.0
PRD_AGRI,REG_END,AT,2015,23070.0
PRD_AGRI,REG_END,AT,2016,24213.0
PRD_AGRI,REG_END,AT,2017,24998.0
PRD_AGRI,REG_END,AT,2018,25795.0
PRD_AGRI,REG_END,AT,2019,26042.0
PRD_AGRI,REG_END,AT,2020,26407.0
PRD_AGRI,REG_END,AT,2021,26720.0
PRD_AGRI,REG_END,AT,2022,26720.0
PRD_AGRI,REG_END,BE,2012,1435.0
PRD_AGRI,REG_END,BE,2013,1656.0
PRD_AGRI,REG_END,BE,2014,1602.0
PRD_AGRI,REG_END,BE,2015,1733.0
PRD_AGRI,REG_END,BE,2016,1946.0
PRD_AGRI,REG_END,BE,2017,2105.0
PRD_AGRI,REG_END,BE,2018,2264.0
PRD_AGRI,REG_END,BE,2019,2394.0
PRD_AGRI,REG_END,BE,2022,2085.92
PRD_AGRI,REG_END,BG,2012,2754.0
PRD_AGRI,REG_END,BG,2013,3854.0
PRD_AGRI,REG_END,BG,2014,3893.0
PRD_AGRI,REG_END,BG,2015,5919.0
PRD_AGRI,REG_END,BG,2016,6964.0
PRD_AGRI,REG_END,BG,2018,6213.0
PRD_AGRI,REG_END,BG,2019,5942.0
PRD_AGRI,REG_END,BG,2021,4352.0
PRD_AGRI,REG_END,BG,2022,4352.0
PRD_AGRI,REG_END,CH,2013,6047.0
PRD_AGRI,REG_END,CH,2014,6195.0
PRD_AGRI,REG_END,CH,2015,6298.0
PRD_AGRI,REG_END,CH,2016,6410.0
PRD_AGRI,REG_END,CH,2017,6705.0
PRD_AGRI,REG_END,CH,2018,7032.0
PRD_AGRI,REG_END,CH,2019,7284.0
PRD_AGRI,REG_END,CH,2020,7561.0
PRD_AGRI,REG_END,CH,2021,7670.0
PRD_AGRI,REG_END,CH,2022,7670.0
PRD_AGRI,REG_END,CY,2012,719.0
PRD_AGRI,REG_END,CY,2013,746.0
PRD_AGRI,REG_END,CY,2014,743.0
PRD_AGRI,REG_END,CY,2015,1032.0
PRD_AGRI,REG_END,CY,2016,1174.0
PRD_AGRI,REG_END,CY,2017,1175.0
PRD_AGRI,REG_END,CY,2018,1249.0
PRD_AGRI,REG_END,CY,2019,1252.0
PRD_AGRI,REG_END,CY,2020,1223.0
PRD_AGRI,REG_END,CY,2021,1292.0
PRD_AGRI,REG_END,CY,2022,1292.0
PRD_AGRI,REG_END,CZ,2012,3907.0
PRD_AGRI,REG_END,CZ,2013,3910.0
PRD_AGRI,REG_END,CZ,2014,3866.0
PRD_AGRI,REG_END,CZ,2015,4121.0
PRD_AGRI,REG_END,CZ,2016,4271.0
PRD_AGRI,REG_END,CZ,2017,4426.0
PRD_AGRI,REG_END,CZ,2018,4601.0
PRD_AGRI,REG_END,CZ,2019,4694.0
PRD_AGRI,REG_END,CZ,2020,4669.0
PRD_AGRI,REG_END,CZ,2021,4797.0
PRD_AGRI,REG_END,CZ,2022,4681.5
PRD_AGRI,REG_END,DE,2012,23032.0
PRD_AGRI,REG_END,DE,2013,23271.0
PRD_AGRI,REG_END,DE,2014,23717.0
PRD_AGRI,REG_END,DE,2015,25078.0
PRD_AGRI,REG_END,DE,2016,27636.0
PRD_AGRI,REG_END,DE,2017,29764.0
PRD_AGRI,REG_END,DE,2018,32366.0
PRD_AGRI,REG_END,DE,2019,34136.0
PRD_AGRI,REG_END,DE,2020,35262.0
PRD_AGRI,REG_END,DE,2021,36236.0
PRD_AGRI,REG_END,DE,2022,36236.0
PRD_AGRI,REG_END,DK,2012,2651.0
PRD_AGRI,REG_END,DK,2013,2563.0
PRD_AGRI,REG_END,DK,2014,2538.0
PRD_AGRI,REG_END,DK,2015,2984.0
PRD_AGRI,REG_END,DK,2016,3306.0
PRD_AGRI,REG_END,DK,2017,3631.0
PRD_AGRI,REG_END,DK,2018,3941.0
PRD_AGRI,REG_END,DK,2019,4099.0
PRD_AGRI,REG_END,DK,2020,4186.0
PRD_AGRI,REG_END,DK,2022,4139.89
PRD_AGRI,REG_END,EE,2012,1478.0
PRD_AGRI,REG_END,EE,2013,1553.0
PRD_AGRI,REG_END,EE,2014,1542.0
PRD_AGRI,REG_END,EE,2015,1629.0
PRD_AGRI,REG_END,EE,2016,1753.0
PRD_AGRI,REG_END,EE,2017,1888.0
PRD_AGRI,REG_END,EE,2018,1948.0
PRD_AGRI,REG_END,EE,2019,2060.0
PRD_AGRI,REG_END,EE,2020,2050.0
PRD_AGRI,REG_END,EE,2021,2043.0
PRD_AGRI,REG_END,EE,2022,2043.0
PRD_AGRI,REG_END,EL,2012,23448.0
PRD_AGRI,REG_END,EL,2013,21986.0
PRD_AGRI,REG_END,EL,2014,20186.0
PRD_AGRI,REG_END,EL,2015,19604.0
PRD_AGRI,REG_END,EL,2016,20197.0
PRD_AGRI,REG_END,EL,2017,27808.0
PRD_AGRI,REG_END,EL,2018,29594.0
PRD_AGRI,REG_END,EL,2019,30124.0
PRD_AGRI,REG_END,EL,2020,29869.0
PRD_AGRI,REG_END,EL,2022,29999.05
PRD_AGRI,REG_END,ES,2012,30462.0
PRD_AGRI,REG_END,ES,2013,30502.0
PRD_AGRI,REG_END,ES,2014,30602.0
PRD_AGRI,REG_END,ES,2015,34673.0
PRD_AGRI,REG_END,ES,2016,36207.0
PRD_AGRI,REG_END,ES,2017,37712.0
PRD_AGRI,REG_END,ES,2018,39505.0
PRD_AGRI,REG_END,ES,2019,41838.0
PRD_AGRI,REG_END,ES,2020,44493.0
PRD_AGRI,REG_END,ES,2021,52861.0
PRD_AGRI,REG_END,ES,2022,52861.0
PRD_AGRI,REG_END,FI,2012,4316.0
PRD_AGRI,REG_END,FI,2013,4284.0
PRD_AGRI,REG_END,FI,2014,4247.0
PRD_AGRI,REG_END,FI,2015,4328.0
PRD_AGRI,REG_END,FI,2016,4493.0
PRD_AGRI,REG_END,FI,2017,4665.0
PRD_AGRI,REG_END,FI,2019,5129.0
PRD_AGRI,REG_END,FI,2020,5102.0
PRD_AGRI,REG_END,FI,2021,5007.0
PRD_AGRI,REG_END,FI,2022,4665.0
PRD_AGRI,REG_END,FR,2012,24425.0
PRD_AGRI,REG_END,FR,2013,25467.0
PRD_AGRI,REG_END,FR,2014,26466.0
PRD_AGRI,REG_END,FR,2015,28884.0
PRD_AGRI,REG_END,FR,2016,32266.0
PRD_AGRI,REG_END,FR,2017,36691.0
PRD_AGRI,REG_END,FR,2022,24914.74
PRD_AGRI,REG_END,HR,2012,1413.0
PRD_AGRI,REG_END,HR,2013,1608.0
PRD_AGRI,REG_END,HR,2014,2043.0
PRD_AGRI,REG_END,HR,2015,3061.0
PRD_AGRI,REG_END,HR,2016,3546.0
PRD_AGRI,REG_END,HR,2017,4023.0
PRD_AGRI,REG_END,HR,2018,4374.0
PRD_AGRI,REG_END,HR,2019,5153.0
PRD_AGRI,REG_END,HR,2021,6024.0
PRD_AGRI,REG_END,HR,2022,1696.5
PRD_AGRI,REG_END,HU,2012,1560.0
PRD_AGRI,REG_END,HU,2013,1682.0
PRD_AGRI,REG_END,HU,2014,1672.0
PRD_AGRI,REG_END,HU,2015,1971.0
PRD_AGRI,REG_END,HU,2016,3414.0
PRD_AGRI,REG_END,HU,2017,3642.0
PRD_AGRI,REG_END,HU,2018,3929.0
PRD_AGRI,REG_END,HU,2019,5136.0
PRD_AGRI,REG_END,HU,2020,5128.0
PRD_AGRI,REG_END,HU,2021,5129.0
PRD_AGRI,REG_END,HU,2022,5129.0
PRD_AGRI,REG_END,IE,2013,1351.0
PRD_AGRI,REG_END,IE,2014,1275.0
PRD_AGRI,REG_END,IE,2015,1710.0
PRD_AGRI,REG_END,IE,2016,1765.0
PRD_AGRI,REG_END,IE,2017,1725.0
PRD_AGRI,REG_END,IE,2020,1777.0
PRD_AGRI,REG_END,IE,2021,1914.0
PRD_AGRI,REG_END,IE,2022,1771.72
PRD_AGRI,REG_END,IS,2012,33.0
PRD_AGRI,REG_END,IS,2014,33.0
PRD_AGRI,REG_END,IS,2015,36.0
PRD_AGRI,REG_END,IS,2016,35.0
PRD_AGRI,REG_END,IS,2017,30.0
PRD_AGRI,REG_END,IS,2018,29.0
PRD_AGRI,REG_END,IS,2019,26.0
PRD_AGRI,REG_END,IS,2020,27.0
PRD_AGRI,REG_END,IS,2022,35.5
PRD_AGRI,REG_END,IT,2012,43831.0
PRD_AGRI,REG_END,IT,2013,45965.0
PRD_AGRI,REG_END,IT,2014,48662.0
PRD_AGRI,REG_END,IT,2015,52609.0
PRD_AGRI,REG_END,IT,2016,64227.0
PRD_AGRI,REG_END,IT,2017,66788.0
PRD_AGRI,REG_END,IT,2018,69335.0
PRD_AGRI,REG_END,IT,2019,70561.0
PRD_AGRI,REG_END,IT,2020,71590.0
PRD_AGRI,REG_END,IT,2022,70530.15
PRD_AGRI,REG_END,LT,2012,2511.0
PRD_AGRI,REG_END,LT,2013,2570.0
PRD_AGRI,REG_END,LT,2014,2445.0
PRD_AGRI,REG_END,LT,2015,2672.0
PRD_AGRI,REG_END,LT,2016,2539.0
PRD_AGRI,REG_END,LT,2017,2478.0
PRD_AGRI,REG_END,LT,2018,2476.0
PRD_AGRI,REG_END,LT,2019,2417.0
PRD_AGRI,REG_END,LT,2020,2230.0
PRD_AGRI,REG_END,LT,2021,2529.0
PRD_AGRI,REG_END,LT,2022,2476.84
PRD_AGRI,REG_END,LU,2013,83.0
PRD_AGRI,REG_END,LU,2014,79.0
PRD_AGRI,REG_END,LU,2015,88.0
PRD_AGRI,REG_END,LU,2016,93.0
PRD_AGRI,REG_END,LU,2017,103.0
PRD_AGRI,REG_END,LU,2018,103.0
PRD_AGRI,REG_END,LU,2019,105.0
PRD_AGRI,REG_END,LU,2020,114.0
PRD_AGRI,REG_END,LU,2021,123.0
PRD_AGRI,REG_END,LU,2022,80.76
PRD_AGRI,REG_END,LV,2012,3496.0
PRD_AGRI,REG_END,LV,2013,3490.0
PRD_AGRI,REG_END,LV,2014,3475.0
PRD_AGRI,REG_END,LV,2015,3634.0
PRD_AGRI,REG_END,LV,2016,4145.0
PRD_AGRI,REG_END,LV,2017,4178.0
PRD_AGRI,REG_END,LV,2019,4171.0
PRD_AGRI,REG_END,LV,2022,4174.78
PRD_AGRI,REG_END,ME,2021,422.0
PRD_AGRI,REG_END,ME,2022,422.0
PRD_AGRI,REG_END,MK,2013,276.0
PRD_AGRI,REG_END,MK,2014,331.0
PRD_AGRI,REG_END,MK,2015,460.0
PRD_AGRI,REG_END,MK,2016,509.0
PRD_AGRI,REG_END,MK,2017,620.0
PRD_AGRI,REG_END,MK,2018,775.0
PRD_AGRI,REG_END,MK,2019,813.0
PRD_AGRI,REG_END,MK,2020,863.0
PRD_AGRI,REG_END,MK,2021,887.0
PRD_AGRI,REG_END,MK,2022,887.0
PRD_AGRI,REG_END,MT,2012,12.0
PRD_AGRI,REG_END,MT,2013,9.0
PRD_AGRI,REG_END,MT,2014,10.0
PRD_AGRI,REG_END,MT,2015,11.0
PRD_AGRI,REG_END,MT,2016,14.0
PRD_AGRI,REG_END,MT,2017,13.0
PRD_AGRI,REG_END,MT,2018,19.0
PRD_AGRI,REG_END,MT,2019,24.0
PRD_AGRI,REG_END,MT,2020,25.0
PRD_AGRI,REG_END,MT,2021,25.0
PRD_AGRI,REG_END,MT,2022,25.0
PRD_AGRI,REG_END,NL,2012,1658.0
PRD_AGRI,REG_END,NL,2013,1650.0
PRD_AGRI,REG_END,NL,2014,1457.0
PRD_AGRI,REG_END,NL,2015,1475.0
PRD_AGRI,REG_END,NL,2016,1557.0
PRD_AGRI,REG_END,NL,2017,1696.0
PRD_AGRI,REG_END,NL,2018,1787.0
PRD_AGRI,REG_END,NL,2019,1867.0
PRD_AGRI,REG_END,NL,2020,1937.0
PRD_AGRI,REG_END,NL,2021,1985.0
PRD_AGRI,REG_END,NL,2022,1985.0
PRD_AGRI,REG_END,NO,2012,2590.0
PRD_AGRI,REG_END,NO,2013,2452.0
PRD_AGRI,REG_END,NO,2014,2232.0
PRD_AGRI,REG_END,NO,2015,2113.0
PRD_AGRI,REG_END,NO,2016,2083.0
PRD_AGRI,REG_END,NO,2017,2070.0
PRD_AGRI,REG_END,NO,2018,2057.0
PRD_AGRI,REG_END,NO,2019,1976.0
PRD_AGRI,REG_END,NO,2020,1981.0
PRD_AGRI,REG_END,NO,2022,2069.61
PRD_AGRI,REG_END,PL,2012,25944.0
PRD_AGRI,REG_END,PL,2013,26598.0
PRD_AGRI,REG_END,PL,2014,24829.0
PRD_AGRI,REG_END,PL,2015,22295.0
PRD_AGRI,REG_END,PL,2016,22451.0
PRD_AGRI,REG_END,PL,2017,20276.0
PRD_AGRI,REG_END,PL,2018,19224.0
PRD_AGRI,REG_END,PL,2019,18655.0
PRD_AGRI,REG_END,PL,2020,18598.0
PRD_AGRI,REG_END,PL,2022,18623.65
PRD_AGRI,REG_END,PT,2012,2833.0
PRD_AGRI,REG_END,PT,2013,3029.0
PRD_AGRI,REG_END,PT,2014,3329.0
PRD_AGRI,REG_END,PT,2015,4103.0
PRD_AGRI,REG_END,PT,2016,4246.0
PRD_AGRI,REG_END,PT,2017,4674.0
PRD_AGRI,REG_END,PT,2018,5213.0
PRD_AGRI,REG_END,PT,2019,5637.0
PRD_AGRI,REG_END,PT,2020,5945.0
PRD_AGRI,REG_END,PT,2021,13263.0
PRD_AGRI,REG_END,PT,2022,13263.0
PRD_AGRI,REG_END,RO,2012,15280.0
PRD_AGRI,REG_END,RO,2013,14553.0
PRD_AGRI,REG_END,RO,2014,14151.0
PRD_AGRI,REG_END,RO,2015,11812.0
PRD_AGRI,REG_END,RO,2016,10083.0
PRD_AGRI,REG_END,RO,2017,7908.0
PRD_AGRI,REG_END,RO,2018,8518.0
PRD_AGRI,REG_END,RO,2019,9277.0
PRD_AGRI,REG_END,RO,2020,9647.0
PRD_AGRI,REG_END,RO,2021,11562.0
PRD_AGRI,REG_END,RO,2022,11562.0
PRD_AGRI,REG_END,RS,2012,202.0
PRD_AGRI,REG_END,RS,2013,201.0
PRD_AGRI,REG_END,RS,2014,215.0
PRD_AGRI,REG_END,RS,2015,264.0
PRD_AGRI,REG_END,RS,2016,286.0
PRD_AGRI,REG_END,RS,2018,373.0
PRD_AGRI,REG_END,RS,2019,387.0
PRD_AGRI,REG_END,RS,2020,439.0
PRD_AGRI,REG_END,RS,2022,201.52
PRD_AGRI,REG_END,SE,2012,5599.0
PRD_AGRI,REG_END,SE,2013,5584.0
PRD_AGRI,REG_END,SE,2014,5406.0
PRD_AGRI,REG_END,SE,2015,5605.0
PRD_AGRI,REG_END,SE,2016,5741.0
PRD_AGRI,REG_END,SE,2017,5801.0
PRD_AGRI,REG_END,SE,2018,5804.0
PRD_AGRI,REG_END,SE,2019,5730.0
PRD_AGRI,REG_END,SE,2020,5489.0
PRD_AGRI,REG_END,SE,2021,5360.0
PRD_AGRI,REG_END,SE,2022,5802.77
PRD_AGRI,REG_END,SI,2012,2680.0
PRD_AGRI,REG_END,SI,2013,3045.0
PRD_AGRI,REG_END,SI,2014,3293.0
PRD_AGRI,REG_END,SI,2015,3412.0
PRD_AGRI,REG_END,SI,2016,3513.0
PRD_AGRI,REG_END,SI,2017,3627.0
PRD_AGRI,REG_END,SI,2018,3738.0
PRD_AGRI,REG_END,SI,2019,3823.0
PRD_AGRI,REG_END,SI,2020,3685.0
PRD_AGRI,REG_END,SI,2022,3778.8
PRD_AGRI,REG_END,SK,2012,362.0
PRD_AGRI,REG_END,SK,2013,343.0
PRD_AGRI,REG_END,SK,2014,403.0
PRD_AGRI,REG_END,SK,2015,420.0
PRD_AGRI,REG_END,SK,2016,431.0
PRD_AGRI,REG_END,SK,2017,439.0
PRD_AGRI,REG_END,SK,2019,567.0
PRD_AGRI,REG_END,SK,2020,716.0
PRD_AGRI,REG_END,SK,2022,435.72
PRD_AGRI,REG_END,TR,2012,65042.0
PRD_AGRI,REG_END,TR,2013,65042.0
PRD_AGRI,REG_END,TR,2014,71472.0
PRD_AGRI,REG_END,TR,2015,69967.0
PRD_AGRI,REG_END,TR,2016,67879.0
PRD_AGRI,REG_END,TR,2017,75067.0
PRD_AGRI,REG_END,TR,2018,79563.0
PRD_AGRI,REG_END,TR,2019,74545.0
PRD_AGRI,REG_END,TR,2020,52590.0
PRD_AGRI,REG_END,TR,2021,48244.0
PRD_AGRI,REG_END,TR,2022,65042.0
PRD_AGRI,REG_END,UK,2012,4273.0
PRD_AGRI,REG_END,UK,2013,3908.0
PRD_AGRI,REG_END,UK,2014,3526.0
PRD_AGRI,REG_END,UK,2015,3434.0
PRD_AGRI,REG_END,UK,2016,3402.0
PRD_AGRI,REG_END,UK,2017,3479.0
PRD_AGRI,REG_END,UK,2018,3560.0
PRD_AGRI,REG_END,UK,2019,3581.0
PRD_AGRI,REG_END,UK,2022,3569.24
PRD_AGRI,REG_NEW,AL,2022,100.67
PRD_AGRI,REG_NEW,AT,2017,1176.0
PRD_AGRI,REG_NEW,AT,2018,1321.0
PRD_AGRI,REG_NEW,AT,2019,644.0
PRD_AGRI,REG_NEW,AT,2020,3165.0
PRD_AGRI,REG_NEW,AT,2022,910.0
PRD_AGRI,REG_NEW,BE,2022,100.67
PRD_AGRI,REG_NEW,BG,2013,1665.0
PRD_AGRI,REG_NEW,BG,2014,923.0
PRD_AGRI,REG_NEW,BG,2015,3149.0
PRD_AGRI,REG_NEW,BG,2016,2011.0
PRD_AGRI,REG_NEW,BG,2018,899.0
PRD_AGRI,REG_NEW,BG,2019,150.0
PRD_AGRI,REG_NEW,BG,2022,452.66
PRD_AGRI,REG_NEW,CH,2022,100.67
PRD_AGRI,REG_NEW,CY,2022,100.67
PRD_AGRI,REG_NEW,CZ,2013,106.0
PRD_AGRI,REG_NEW,CZ,2014,91.0
PRD_AGRI,REG_NEW,CZ,2016,468.0
PRD_AGRI,REG_NEW,CZ,2019,195.0
PRD_AGRI,REG_NEW,CZ,2020,190.0
PRD_AGRI,REG_NEW,CZ,2022,106.0
PRD_AGRI,REG_NEW,DE,2013,1159.0
PRD_AGRI,REG_NEW,DE,2022,18224.84
PRD_AGRI,REG_NEW,DK,2014,184.0
PRD_AGRI,REG_NEW,DK,2015,640.0
PRD_AGRI,REG_NEW,DK,2020,403.0
PRD_AGRI,REG_NEW,DK,2022,291.31
PRD_AGRI,REG_NEW,EE,2013,119.0
PRD_AGRI,REG_NEW,EE,2022,110.03
PRD_AGRI,REG_NEW,EL,2022,29999.05
PRD_AGRI,REG_NEW,ES,2022,52861.0
PRD_AGRI,REG_NEW,FI,2013,155.0
PRD_AGRI,REG_NEW,FI,2022,187.0
PRD_AGRI,REG_NEW,FR,2022,24914.74
PRD_AGRI,REG_NEW,HR,2013,294.0
PRD_AGRI,REG_NEW,HR,2014,539.0
PRD_AGRI,REG_NEW,HR,2015,1181.0
PRD_AGRI,REG_NEW,HR,2016,581.0
PRD_AGRI,REG_NEW,HR,2017,702.0
PRD_AGRI,REG_NEW,HR,2018,636.0
PRD_AGRI,REG_NEW,HR,2019,850.0
PRD_AGRI,REG_NEW,HR,2022,609.6
PRD_AGRI,REG_NEW,HU,2022,100.67
PRD_AGRI,REG_NEW,IE,2017,35.0
PRD_AGRI,REG_NEW,IE,2022,65.72
PRD_AGRI,REG_NEW,IS,2019,3.0
PRD_AGRI,REG_NEW,IS,2020,2.0
PRD_AGRI,REG_NEW,IS,2022,2.5
PRD_AGRI,REG_NEW,IT,2022,70530.15
PRD_AGRI,REG_NEW,LT,2022,100.67
PRD_AGRI,REG_NEW,LU,2014,0.0
PRD_AGRI,REG_NEW,LU,2022,0.0
PRD_AGRI,REG_NEW,LV,2013,85.0
PRD_AGRI,REG_NEW,LV,2014,102.0
PRD_AGRI,REG_NEW,LV,2015,637.0
PRD_AGRI,REG_NEW,LV,2016,594.0
PRD_AGRI,REG_NEW,LV,2017,173.0
PRD_AGRI,REG_NEW,LV,2019,91.0
PRD_AGRI,REG_NEW,LV,2022,92.65
PRD_AGRI,REG_NEW,ME,2022,100.67
PRD_AGRI,REG_NEW,MK,2015,192.0
PRD_AGRI,REG_NEW,MK,2016,134.0
PRD_AGRI,REG_NEW,MK,2022,100.67
PRD_AGRI,REG_NEW,MT,2013,0.0
PRD_AGRI,REG_NEW,MT,2014,2.0
PRD_AGRI,REG_NEW,MT,2015,3.0
PRD_AGRI,REG_NEW,MT,2016,5.0
PRD_AGRI,REG_NEW,MT,2017,0.0
PRD_AGRI,REG_NEW,MT,2018,6.0
PRD_AGRI,REG_NEW,MT,2019,5.0
PRD_AGRI,REG_NEW,MT,2020,4.0
PRD_AGRI,REG_NEW,MT,2022,0.0
PRD_AGRI,REG_NEW,NL,2022,100.67
PRD_AGRI,REG_NEW,NO,2012,77.0
PRD_AGRI,REG_NEW,NO,2013,93.0
PRD_AGRI,REG_NEW,NO,2014,60.0
PRD_AGRI,REG_NEW,NO,2015,76.0
PRD_AGRI,REG_NEW,NO,2016,131.0
PRD_AGRI,REG_NEW,NO,2022,60.0
PRD_AGRI,REG_NEW,PL,2022,18623.65
PRD_AGRI,REG_NEW,PT,2013,458.0
PRD_AGRI,REG_NEW,PT,2014,552.0
PRD_AGRI,REG_NEW,PT,2015,1133.0
PRD_AGRI,REG_NEW,PT,2017,668.0
PRD_AGRI,REG_NEW,PT,2022,544.1
PRD_AGRI,REG_NEW,RO,2014,2706.0
PRD_AGRI,REG_NEW,RO,2015,1216.0
PRD_AGRI,REG_NEW,RO,2016,1426.0
PRD_AGRI,REG_NEW,RO,2017,1762.0
PRD_AGRI,REG_NEW,RO,2022,1300.0
PRD_AGRI,REG_NEW,RS,2022,100.67
PRD_AGRI,REG_NEW,SE,2022,100.67
PRD_AGRI,REG_NEW,SI,2022,100.67
PRD_AGRI,REG_NEW,SK,2014,80.0
PRD_AGRI,REG_NEW,SK,2017,35.0
PRD_AGRI,REG_NEW,SK,2022,91.31
PRD_AGRI,REG_NEW,TR,2022,65042.0
PRD_AGRI,REG_NEW,UK,2022,100.67
PRD_AGRI,REG_WDN,AL,2022,30.32
PRD_AGRI,REG_WDN,AT,2017,391.0
PRD_AGRI,REG_WDN,AT,2018,524.0
PRD_AGRI,REG_WDN,AT,2019,397.0
PRD_AGRI,REG_WDN,AT,2020,2800.0
PRD_AGRI,REG_WDN,AT,2022,394.24
PRD_AGRI,REG_WDN,BE,2022,30.32
PRD_AGRI,REG_WDN,BG,2013,565.0
PRD_AGRI,REG_WDN,BG,2014,884.0
PRD_AGRI,REG_WDN,BG,2015,1123.0
PRD_AGRI,REG_WDN,BG,2016,966.0
PRD_AGRI,REG_WDN,BG,2018,1157.0
PRD_AGRI,REG_WDN,BG,2019,421.0
PRD_AGRI,REG_WDN,BG,2022,927.46
PRD_AGRI,REG_WDN,CH,2022,30.32
PRD_AGRI,REG_WDN,CY,2022,30.32
PRD_AGRI,REG_WDN,CZ,2013,103.0
PRD_AGRI,REG_WDN,CZ,2014,135.0
PRD_AGRI,REG_WDN,CZ,2016,318.0
PRD_AGRI,REG_WDN,CZ,2019,102.0
PRD_AGRI,REG_WDN,CZ,2020,215.0
PRD_AGRI,REG_WDN,CZ,2022,102.43
PRD_AGRI,REG_WDN,DE,2013,920.0
PRD_AGRI,REG_WDN,DE,2022,920.0
PRD_AGRI,REG_WDN,DK,2014,209.0
PRD_AGRI,REG_WDN,DK,2015,192.0
PRD_AGRI,REG_WDN,DK,2020,316.0
PRD_AGRI,REG_WDN,DK,2022,304.06
PRD_AGRI,REG_WDN,EE,2013,44.0
PRD_AGRI,REG_WDN,EE,2022,36.8
PRD_AGRI,REG_WDN,EL,2022,29999.05
PRD_AGRI,REG_WDN,ES,2022,52861.0
PRD_AGRI,REG_WDN,FI,2013,187.0
PRD_AGRI,REG_WDN,FI,2022,187.0
PRD_AGRI,REG_WDN,FR,2022,24914.74
PRD_AGRI,REG_WDN,HR,2013,99.0
PRD_AGRI,REG_WDN,HR,2014,104.0
PRD_AGRI,REG_WDN,HR,2015,163.0
PRD_AGRI,REG_WDN,HR,2016,96.0
PRD_AGRI,REG_WDN,HR,2017,225.0
PRD_AGRI,REG_WDN,HR,2018,285.0
PRD_AGRI,REG_WDN,HR,2019,71.0
PRD_AGRI,REG_WDN,HR,2022,101.7
PRD_AGRI,REG_WDN,HU,2022,30.32
PRD_AGRI,REG_WDN,IE,2017,75.0
PRD_AGRI,REG_WDN,IE,2022,49.34
PRD_AGRI,REG_WDN,IS,2016,1.0
PRD_AGRI,REG_WDN,IS,2017,5.0
PRD_AGRI,REG_WDN,IS,2019,6.0
PRD_AGRI,REG_WDN,IS,2020,1.0
PRD_AGRI,REG_WDN,IS,2022,6.0
PRD_AGRI,REG_WDN,IT,2022,70530.15
PRD_AGRI,REG_WDN,LT,2022,30.32
PRD_AGRI,REG_WDN,LU,2014,4.0
PRD_AGRI,REG_WDN,LU,2022,0.0
PRD_AGRI,REG_WDN,LV,2013,108.0
PRD_AGRI,REG_WDN,LV,2014,95.0
PRD_AGRI,REG_WDN,LV,2015,478.0
PRD_AGRI,REG_WDN,LV,2016,83.0
PRD_AGRI,REG_WDN,LV,2017,140.0
PRD_AGRI,REG_WDN,LV,2019,90.0
PRD_AGRI,REG_WDN,LV,2022,100.98
PRD_AGRI,REG_WDN,ME,2022,30.32
PRD_AGRI,REG_WDN,MK,2015,63.0
PRD_AGRI,REG_WDN,MK,2016,85.0
PRD_AGRI,REG_WDN,MK,2022,30.32
PRD_AGRI,REG_WDN,MT,2013,4.0
PRD_AGRI,REG_WDN,MT,2014,1.0
PRD_AGRI,REG_WDN,MT,2015,2.0
PRD_AGRI,REG_WDN,MT,2016,2.0
PRD_AGRI,REG_WDN,MT,2017,1.0
PRD_AGRI,REG_WDN,MT,2018,0.0
PRD_AGRI,REG_WDN,MT,2019,0.0
PRD_AGRI,REG_WDN,MT,2020,3.0
PRD_AGRI,REG_WDN,MT,2022,2.44
PRD_AGRI,REG_WDN,NL,2022,30.32
PRD_AGRI,REG_WDN,NO,2012,212.0
PRD_AGRI,REG_WDN,NO,2013,231.0
PRD_AGRI,REG_WDN,NO,2014,280.0
PRD_AGRI,REG_WDN,NO,2015,195.0
PRD_AGRI,REG_WDN,NO,2016,161.0
PRD_AGRI,REG_WDN,NO,2022,280.0
PRD_AGRI,REG_WDN,PL,2022,18623.65
PRD_AGRI,REG_WDN,PT,2013,187.0
PRD_AGRI,REG_WDN,PT,2014,207.0
PRD_AGRI,REG_WDN,PT,2015,320.0
PRD_AGRI,REG_WDN,PT,2017,240.0
PRD_AGRI,REG_WDN,PT,2022,266.89
PRD_AGRI,REG_WDN,RO,2014,3100.0
PRD_AGRI,REG_WDN,RO,2015,3498.0
PRD_AGRI,REG_WDN,RO,2016,3155.0
PRD_AGRI,REG_WDN,RO,2017,3937.0
PRD_AGRI,REG_WDN,RO,2022,3569.46
PRD_AGRI,REG_WDN,RS,2022,30.32
PRD_AGRI,REG_WDN,SE,2022,30.32
PRD_AGRI,REG_WDN,SI,2022,30.32
PRD_AGRI,REG_WDN,SK,2014,20.0
PRD_AGRI,REG_WDN,SK,2017,27.0
PRD_AGRI,REG_WDN,SK,2022,25.52
PRD_AGRI,REG_WDN,TR,2022,65042.0
PRD_AGRI,REG_WDN,UK,2022,30.32
